"Category","Term","Genes","Count","List Total","Pop Hits","Pop Total","P-Value","Benjamini","Fold Enrichment","Bonferroni","FDR","Fisher Exact"
"GOTERM_CC_DIRECT","cytosol","28.46%","675","1532","5713","20795","1.13e-47","1.04e-44","1.60","1.04e-44","9.92e-45","6.71e-48"
"GOTERM_CC_DIRECT","nucleus","30.10%","714","1532","6244","20795","6.16e-46","2.83e-43","1.55","5.66e-43","2.70e-43","3.79e-46"
"GOTERM_CC_DIRECT","nucleoplasm","22.26%","528","1532","4107","20795","4.01e-45","1.23e-42","1.75","3.68e-42","1.17e-42","2.16e-45"
"GOTERM_MF_DIRECT","protein binding","54.97%","1304","1526","13690","19253","6.36e-43","9.77e-40","1.20","9.76e-40","9.60e-40","5.20e-43"
"GOTERM_MF_DIRECT","RNA binding","10.54%","250","1526","1485","19253","4.21e-32","3.23e-29","2.12","6.45e-29","3.17e-29","1.79e-32"
"GOTERM_CC_DIRECT","cytoplasm","26.35%","625","1532","6004","20795","1.26e-25","2.89e-23","1.41","1.16e-22","2.76e-23","8.62e-26"
"GOTERM_CC_DIRECT","cytosolic ribosome","1.64%","39","1532","97","20795","9.28e-19","1.71e-16","5.46","8.53e-16","1.63e-16","1.12e-19"
"GOTERM_BP_DIRECT","cytoplasmic translation","1.60%","38","1495","92","19478","3.52e-18","1.57e-14","5.38","1.57e-14","1.56e-14","4.23e-19"
"GOTERM_CC_DIRECT","focal adhesion","3.63%","86","1532","433","20795","3.28e-17","5.03e-15","2.70","3.02e-14","4.81e-15","1.06e-17"
"GOTERM_CC_DIRECT","ribonucleoprotein complex","2.70%","64","1532","292","20795","6.03e-15","7.91e-13","2.98","5.51e-12","7.56e-13","1.69e-15"
"GOTERM_CC_DIRECT","cytosolic large ribosomal subunit","1.05%","25","1532","57","20795","3.79e-13","4.35e-11","5.95","3.48e-10","4.16e-11","3.95e-14"
"GOTERM_BP_DIRECT","translation","2.19%","52","1495","227","19478","2.05e-12","4.59e-9","2.98","9.18e-9","4.56e-9","5.72e-13"
"GOTERM_BP_DIRECT","ubiquitin-dependent protein catabolic process","2.07%","49","1495","237","19478","4.16e-10","6.19e-7","2.69","1.86e-6","6.15e-7","1.32e-10"
"GOTERM_MF_DIRECT","structural constituent of ribosome","1.81%","43","1526","189","19253","6.90e-10","3.53e-7","2.87","1.06e-6","3.47e-7","2.01e-10"
"GOTERM_CC_DIRECT","Golgi apparatus","5.86%","139","1532","1122","20795","1.17e-9","1.19e-7","1.68","1.07e-6","1.14e-7","6.34e-10"
"GOTERM_CC_DIRECT","ribosome","1.60%","38","1532","175","20795","4.23e-9","3.88e-7","2.95","3.88e-6","3.71e-7","1.21e-9"
"GOTERM_MF_DIRECT","mRNA binding","2.07%","49","1526","253","19253","1.12e-8","4.29e-6","2.44","1.72e-5","4.22e-6","3.98e-9"
"GOTERM_BP_DIRECT","chromatin remodeling","4.01%","95","1495","686","19478","2.29e-8","2.56e-5","1.80","1.03e-4","2.55e-5","1.17e-8"
"GOTERM_MF_DIRECT","ubiquitin protein ligase binding","2.28%","54","1526","304","19253","3.95e-8","1.21e-5","2.24","6.06e-5","1.19e-5","1.56e-8"
"GOTERM_CC_DIRECT","protein-containing complex","3.88%","92","1532","691","20795","3.98e-8","3.12e-6","1.81","3.65e-5","2.98e-6","2.02e-8"
"GOTERM_CC_DIRECT","spliceosomal complex","1.35%","32","1532","143","20795","4.07e-8","3.12e-6","3.04","3.74e-5","2.98e-6","1.12e-8"
"GOTERM_MF_DIRECT","ATPase activator activity","0.59%","14","1526","28","19253","5.55e-8","1.42e-5","6.31","8.52e-5","1.40e-5","5.06e-9"
"GOTERM_CC_DIRECT","Golgi membrane","3.96%","94","1532","727","20795","1.14e-7","8.09e-6","1.76","1.05e-4","7.73e-6","5.95e-8"
"GOTERM_BP_DIRECT","cell division","2.61%","62","1495","397","19478","1.37e-7","1.23e-4","2.03","6.13e-4","1.22e-4","6.11e-8"
"GOTERM_CC_DIRECT","extracellular exosome","9.65%","229","1532","2242","20795","1.49e-7","9.76e-6","1.39","1.37e-4","9.32e-6","1.01e-7"
"GOTERM_MF_DIRECT","cadherin binding","2.28%","54","1526","319","19253","1.99e-7","4.37e-5","2.14","3.06e-4","4.30e-5","8.31e-8"
"GOTERM_BP_DIRECT","RNA splicing","1.73%","41","1495","221","19478","2.89e-7","2.15e-4","2.42","1.29e-3","2.14e-4","1.04e-7"
"GOTERM_MF_DIRECT","ubiquitin-protein transferase activity","1.81%","43","1526","235","19253","4.98e-7","9.56e-5","2.31","7.64e-4","9.40e-5","1.89e-7"
"GOTERM_BP_DIRECT","protein export from nucleus","0.59%","14","1495","34","19478","6.07e-7","3.88e-4","5.36","2.71e-3","3.85e-4","7.46e-8"
"GOTERM_CC_DIRECT","intracellular membrane-bounded organelle","5.02%","119","1532","1022","20795","6.09e-7","3.73e-5","1.58","5.59e-4","3.56e-5","3.52e-7"
"GOTERM_CC_DIRECT","cytosolic small ribosomal subunit","0.63%","15","1532","43","20795","1.33e-6","7.64e-5","4.74","1.22e-3","7.30e-5","2.01e-7"
"GOTERM_CC_DIRECT","membrane","20.15%","478","1532","5415","20795","1.80e-6","9.71e-5","1.20","1.65e-3","9.28e-5","1.52e-6"
"GOTERM_BP_DIRECT","protein K48-linked ubiquitination","0.97%","23","1495","95","19478","2.22e-6","1.24e-3","3.15","9.86e-3","1.23e-3","5.75e-7"
"GOTERM_CC_DIRECT","nuclear speck","2.61%","62","1532","449","20795","2.50e-6","1.28e-4","1.87","2.30e-3","1.22e-4","1.23e-6"
"GOTERM_CC_DIRECT","postsynaptic density","1.73%","41","1532","257","20795","5.38e-6","2.60e-4","2.17","4.93e-3","2.49e-4","2.22e-6"
"GOTERM_MF_DIRECT","phosphoprotein phosphatase activity","0.72%","17","1526","57","19253","5.66e-6","9.66e-4","3.76","8.65e-3","9.50e-4","1.15e-6"
"GOTERM_BP_DIRECT","mRNA splicing, via spliceosome","1.48%","35","1495","197","19478","6.51e-6","3.13e-3","2.31","2.87e-2","3.11e-3","2.47e-6"
"GOTERM_BP_DIRECT","positive regulation of ATP-dependent activity","0.46%","11","1495","25","19478","7.67e-6","3.13e-3","5.73","3.37e-2","3.11e-3","8.54e-7"
"GOTERM_BP_DIRECT","protein transport","2.82%","67","1495","496","19478","7.69e-6","3.13e-3","1.76","3.38e-2","3.11e-3","4.09e-6"
"GOTERM_BP_DIRECT","regulation of RNA splicing","0.80%","19","1495","77","19478","1.58e-5","5.90e-3","3.21","6.83e-2","5.86e-3","4.00e-6"
"GOTERM_CC_DIRECT","mitochondrion","7.29%","173","1532","1721","20795","1.69e-5","7.75e-4","1.36","1.54e-2","7.40e-4","1.21e-5"
"GOTERM_BP_DIRECT","positive regulation of DNA-templated transcription","3.67%","87","1495","714","19478","1.85e-5","6.35e-3","1.59","7.92e-2","6.31e-3","1.10e-5"
"GOTERM_CC_DIRECT","adherens junction","1.35%","32","1532","188","20795","1.88e-5","8.22e-4","2.31","1.71e-2","7.85e-4","7.17e-6"
"GOTERM_CC_DIRECT","nuclear membrane","1.73%","41","1532","274","20795","2.52e-5","1.05e-3","2.03","2.29e-2","9.99e-4","1.12e-5"
"GOTERM_CC_DIRECT","perinuclear region of cytoplasm","3.67%","87","1532","750","20795","2.62e-5","1.05e-3","1.57","2.38e-2","9.99e-4","1.59e-5"
"GOTERM_MF_DIRECT","transcription coactivator activity","1.85%","44","1526","283","19253","2.71e-5","4.11e-3","1.96","4.08e-2","4.04e-3","1.25e-5"
"GOTERM_MF_DIRECT","small GTPase binding","1.90%","45","1526","293","19253","2.95e-5","4.11e-3","1.94","4.42e-2","4.04e-3","1.37e-5"
"GOTERM_BP_DIRECT","negative regulation of DNA-templated transcription","3.04%","72","1495","573","19478","4.00e-5","1.28e-2","1.64","1.64e-1","1.27e-2","2.26e-5"
"GOTERM_CC_DIRECT","ubiquitin ligase complex","0.93%","22","1532","109","20795","4.02e-5","1.54e-3","2.74","3.63e-2","1.47e-3","1.25e-5"
"GOTERM_BP_DIRECT","protein polyubiquitination","1.14%","27","1495","148","19478","5.61e-5","1.60e-2","2.38","2.22e-1","1.59e-2","2.06e-5"
"GOTERM_MF_DIRECT","cytoskeletal protein binding","0.63%","15","1526","54","19253","5.71e-5","7.31e-3","3.50","8.39e-2","7.19e-3","1.28e-5"
"GOTERM_BP_DIRECT","regulation of cellular response to heat","0.34%","8","1495","15","19478","5.72e-5","1.60e-2","6.95","2.26e-1","1.59e-2","4.66e-6"
"GOTERM_BP_DIRECT","DNA damage response","1.90%","45","1495","313","19478","6.83e-5","1.80e-2","1.87","2.63e-1","1.79e-2","3.32e-5"
"GOTERM_MF_DIRECT","nucleic acid binding","1.85%","44","1526","295","19253","7.34e-5","8.27e-3","1.88","1.06e-1","8.13e-3","3.53e-5"
"GOTERM_CC_DIRECT","endoplasmic reticulum","5.31%","126","1532","1213","20795","7.49e-5","2.75e-3","1.41","6.65e-2","2.63e-3","4.85e-5"
"GOTERM_MF_DIRECT","ATP binding","6.91%","164","1526","1546","19253","7.54e-5","8.27e-3","1.34","1.09e-1","8.13e-3","5.22e-5"
"GOTERM_BP_DIRECT","negative regulation of transcription by RNA polymerase II","4.51%","107","1495","958","19478","7.68e-5","1.91e-2","1.46","2.90e-1","1.89e-2","4.92e-5"
"GOTERM_CC_DIRECT","nuclear matrix","1.01%","24","1532","131","20795","8.08e-5","2.86e-3","2.49","7.16e-2","2.73e-3","2.82e-5"
"GOTERM_BP_DIRECT","negative regulation of apoptotic process","2.74%","65","1495","515","19478","8.63e-5","2.03e-2","1.64","3.20e-1","2.02e-2","4.88e-5"
"GOTERM_BP_DIRECT","viral protein processing","0.46%","11","1495","32","19478","9.21e-5","2.06e-2","4.48","3.37e-1","2.05e-2","1.50e-5"
"GOTERM_CC_DIRECT","catalytic step 2 spliceosome","0.80%","19","1532","92","20795","1.13e-4","3.86e-3","2.80","9.90e-2","3.69e-3","3.43e-5"
"GOTERM_BP_DIRECT","protein ubiquitination","2.40%","57","1495","439","19478","1.18e-4","2.51e-2","1.69","4.09e-1","2.49e-2","6.44e-5"
"GOTERM_BP_DIRECT","positive regulation of transcription by RNA polymerase II","5.40%","128","1495","1205","19478","1.35e-4","2.74e-2","1.38","4.53e-1","2.73e-2","9.17e-5"
"GOTERM_CC_DIRECT","melanosome","0.84%","20","1532","102","20795","1.47e-4","4.82e-3","2.66","1.26e-1","4.61e-3","4.73e-5"
"GOTERM_MF_DIRECT","nuclear export signal receptor activity","0.30%","7","1526","12","19253","1.49e-4","1.52e-2","7.36","2.04e-1","1.50e-2","1.08e-5"
"GOTERM_CC_DIRECT","stress fiber","0.76%","18","1532","86","20795","1.53e-4","4.84e-3","2.84","1.31e-1","4.62e-3","4.53e-5"
"GOTERM_MF_DIRECT","chromatin binding","2.66%","63","1526","491","19253","1.72e-4","1.65e-2","1.62","2.33e-1","1.63e-2","9.86e-5"
"GOTERM_MF_DIRECT","protein serine kinase activity","2.11%","50","1526","365","19253","1.92e-4","1.74e-2","1.73","2.56e-1","1.71e-2","1.02e-4"
"GOTERM_BP_DIRECT","apoptotic process","3.25%","77","1495","656","19478","1.98e-4","3.83e-2","1.53","5.87e-1","3.81e-2","1.21e-4"
"GOTERM_BP_DIRECT","nucleocytoplasmic transport","0.55%","13","1495","48","19478","2.06e-4","3.83e-2","3.53","6.01e-1","3.81e-2","4.61e-5"
"GOTERM_BP_DIRECT","mRNA transport","0.80%","19","1495","93","19478","2.18e-4","3.90e-2","2.66","6.23e-1","3.87e-2","6.96e-5"
"GOTERM_BP_DIRECT","protein phosphorylation","1.69%","40","1495","282","19478","2.39e-4","4.11e-2","1.85","6.56e-1","4.08e-2","1.21e-4"
"GOTERM_CC_DIRECT","nuclear pore","0.80%","19","1532","98","20795","2.61e-4","7.99e-3","2.63","2.13e-1","7.64e-3","8.50e-5"
"GOTERM_BP_DIRECT","protein autoubiquitination","0.67%","16","1495","71","19478","2.65e-4","4.39e-2","2.94","6.94e-1","4.36e-2","7.50e-5"
"GOTERM_CC_DIRECT","early endosome","1.77%","42","1532","315","20795","2.71e-4","8.03e-3","1.81","2.20e-1","7.67e-3","1.37e-4"
"GOTERM_BP_DIRECT","protein stabilization","1.52%","36","1495","246","19478","2.87e-4","4.59e-2","1.91","7.23e-1","4.56e-2","1.36e-4"
"GOTERM_MF_DIRECT","ubiquitin conjugating enzyme activity","0.46%","11","1526","36","19253","3.54e-4","3.02e-2","3.86","4.20e-1","2.97e-2","7.02e-5"
"GOTERM_CC_DIRECT","centrosome","3.16%","75","1532","674","20795","3.63e-4","1.04e-2","1.51","2.83e-1","9.91e-3","2.25e-4"
"GOTERM_CC_DIRECT","anchoring junction","0.67%","16","1532","76","20795","3.73e-4","1.04e-2","2.86","2.90e-1","9.91e-3","1.10e-4"
"GOTERM_BP_DIRECT","protein glycosylation","0.93%","22","1495","122","19478","3.74e-4","5.76e-2","2.35","8.12e-1","5.73e-2","1.39e-4"
"GOTERM_MF_DIRECT","histone binding","1.31%","31","1526","197","19253","4.03e-4","3.17e-2","1.99","4.61e-1","3.12e-2","1.82e-4"
"GOTERM_MF_DIRECT","DNA binding","6.53%","155","1526","1500","19253","4.13e-4","3.17e-2","1.30","4.70e-1","3.12e-2","3.13e-4"
"GOTERM_CC_DIRECT","actin cytoskeleton","1.64%","39","1532","291","20795","4.18e-4","1.11e-2","1.82","3.19e-1","1.06e-2","2.09e-4"
"GOTERM_CC_DIRECT","nuclear envelope","1.31%","31","1532","212","20795","4.24e-4","1.11e-2","1.98","3.23e-1","1.06e-2","1.93e-4"
"GOTERM_MF_DIRECT","transcription corepressor activity","1.35%","32","1526","207","19253","4.38e-4","3.20e-2","1.95","4.89e-1","3.15e-2","2.02e-4"
"GOTERM_CC_DIRECT","fibrillar center","1.10%","26","1532","166","20795","4.88e-4","1.25e-2","2.13","3.62e-1","1.19e-2","2.05e-4"
"GOTERM_CC_DIRECT","cytoskeleton","2.82%","67","1532","594","20795","5.37e-4","1.33e-2","1.53","3.89e-1","1.27e-2","3.26e-4"
"GOTERM_MF_DIRECT","transcription coregulator activity","0.97%","23","1526","130","19253","5.44e-4","3.79e-2","2.23","5.66e-1","3.73e-2","2.13e-4"
"GOTERM_MF_DIRECT","Hsp70 protein binding","0.55%","13","1526","52","19253","6.11e-4","4.08e-2","3.15","6.09e-1","4.01e-2","1.57e-4"
"GOTERM_CC_DIRECT","centriolar satellite","1.01%","24","1532","150","20795","6.24e-4","1.51e-2","2.17","4.36e-1","1.44e-2","2.55e-4"
"GOTERM_BP_DIRECT","mRNA processing","1.60%","38","1495","276","19478","6.31e-4","9.39e-2","1.79","9.40e-1","9.34e-2","3.21e-4"
"GOTERM_BP_DIRECT","intracellular protein transport","1.60%","38","1495","278","19478","7.23e-4","1.03e-1","1.78","9.61e-1","1.03e-1","3.71e-4"
"GOTERM_BP_DIRECT","vesicle-mediated transport","1.52%","36","1495","259","19478","7.54e-4","1.03e-1","1.81","9.66e-1","1.03e-1","3.79e-4"
"GOTERM_BP_DIRECT","ribosomal small subunit biogenesis","0.67%","16","1495","78","19478","7.63e-4","1.03e-1","2.67","9.67e-1","1.03e-1","2.42e-4"
"GOTERM_CC_DIRECT","chromosome","1.56%","37","1532","281","20795","8.33e-4","1.96e-2","1.79","5.35e-1","1.87e-2","4.25e-4"
"GOTERM_MF_DIRECT","mRNA 5'-UTR binding","0.38%","9","1526","27","19253","8.61e-4","5.51e-2","4.21","7.33e-1","5.42e-2","1.52e-4"
"GOTERM_CC_DIRECT","nucleolus","5.78%","137","1532","1423","20795","9.42e-4","2.15e-2","1.31","5.79e-1","2.05e-2","6.71e-4"
"GOTERM_CC_DIRECT","P-body","0.76%","18","1532","100","20795","9.60e-4","2.15e-2","2.44","5.86e-1","2.05e-2","3.41e-4"
"GOTERM_MF_DIRECT","protein domain specific binding","1.35%","32","1526","217","19253","9.82e-4","6.03e-2","1.86","7.78e-1","5.92e-2","4.77e-4"
"GOTERM_BP_DIRECT","intracellular iron ion homeostasis","0.63%","15","1495","72","19478","1.01e-3","1.26e-1","2.71","9.89e-1","1.25e-1","3.14e-4"
"GOTERM_BP_DIRECT","macroautophagy","0.63%","15","1495","72","19478","1.01e-3","1.26e-1","2.71","9.89e-1","1.25e-1","3.14e-4"
"GOTERM_BP_DIRECT","DNA repair","1.69%","40","1495","303","19478","1.01e-3","1.26e-1","1.72","9.89e-1","1.25e-1","5.38e-4"
"GOTERM_BP_DIRECT","regulation of translation","0.84%","20","1495","114","19478","1.04e-3","1.26e-1","2.29","9.91e-1","1.25e-1","3.98e-4"
"GOTERM_CC_DIRECT","trans-Golgi network","1.14%","27","1532","185","20795","1.10e-3","2.40e-2","1.98","6.36e-1","2.30e-2","4.99e-4"
"GOTERM_MF_DIRECT","ubiquitin protein ligase activity","1.94%","46","1526","355","19253","1.17e-3","6.91e-2","1.63","8.34e-1","6.79e-2","6.58e-4"
"GOTERM_BP_DIRECT","focal adhesion assembly","0.38%","9","1495","29","19478","1.17e-3","1.38e-1","4.04","9.95e-1","1.37e-1","2.20e-4"
"GOTERM_MF_DIRECT","SMAD binding","0.51%","12","1526","49","19253","1.30e-3","7.40e-2","3.09","8.64e-1","7.28e-2","3.43e-4"
"GOTERM_CC_DIRECT","mitochondrial membrane","1.18%","28","1532","197","20795","1.30e-3","2.79e-2","1.93","6.99e-1","2.66e-2","6.10e-4"
"GOTERM_BP_DIRECT","podocyte development","0.25%","6","1495","12","19478","1.32e-3","1.51e-1","6.51","9.97e-1","1.51e-1","1.25e-4"
"GOTERM_CC_DIRECT","trans-Golgi network membrane","0.80%","19","1532","112","20795","1.35e-3","2.82e-2","2.30","7.11e-1","2.70e-2","5.14e-4"
"GOTERM_BP_DIRECT","regulation of transcription by RNA polymerase II","6.96%","165","1495","1711","19478","1.44e-3","1.61e-1","1.26","9.98e-1","1.60e-1","1.06e-3"
"GOTERM_BP_DIRECT","regulation of cell cycle","1.39%","33","1495","241","19478","1.66e-3","1.77e-1","1.78","9.99e-1","1.76e-1","8.45e-4"
"GOTERM_BP_DIRECT","protein N-linked glycosylation via asparagine","0.34%","8","1495","24","19478","1.67e-3","1.77e-1","4.34","9.99e-1","1.76e-1","2.85e-4"
"GOTERM_BP_DIRECT","circadian regulation of gene expression","0.59%","14","1495","68","19478","1.77e-3","1.84e-1","2.68","1.00e+0","1.83e-1","5.58e-4"
"GOTERM_MF_DIRECT","double-stranded RNA binding","0.63%","15","1526","74","19253","1.81e-3","9.91e-2","2.56","9.38e-1","9.74e-2","6.00e-4"
"GOTERM_BP_DIRECT","chromatin organization","1.43%","34","1495","254","19478","2.03e-3","2.02e-1","1.74","1.00e+0","2.01e-1","1.06e-3"
"GOTERM_BP_DIRECT","protein folding","1.10%","26","1495","176","19478","2.03e-3","2.02e-1","1.92","1.00e+0","2.01e-1","9.49e-4"
"GOTERM_MF_DIRECT","kinase activity","1.35%","32","1526","227","19253","2.04e-3","1.08e-1","1.78","9.56e-1","1.06e-1","1.04e-3"
"GOTERM_BP_DIRECT","endocytosis","1.18%","28","1495","196","19478","2.17e-3","2.11e-1","1.86","1.00e+0","2.09e-1","1.05e-3"
"GOTERM_MF_DIRECT","ubiquitin-like protein transferase activity","0.38%","9","1526","31","19253","2.30e-3","1.18e-1","3.66","9.71e-1","1.16e-1","4.89e-4"
"GOTERM_BP_DIRECT","protein modification process","0.80%","19","1495","113","19478","2.35e-3","2.23e-1","2.19","1.00e+0","2.22e-1","9.42e-4"
"GOTERM_BP_DIRECT","ERAD pathway","0.72%","17","1495","96","19478","2.51e-3","2.33e-1","2.31","1.00e+0","2.32e-1","9.45e-4"
"GOTERM_BP_DIRECT","protein N-linked glycosylation","0.55%","13","1495","63","19478","2.71e-3","2.44e-1","2.69","1.00e+0","2.43e-1","8.50e-4"
"GOTERM_CC_DIRECT","slit diaphragm","0.21%","5","1532","9","20795","2.73e-3","5.42e-2","7.54","9.19e-1","5.18e-2","2.11e-4"
"GOTERM_CC_DIRECT","zonula adherens","0.21%","5","1532","9","20795","2.73e-3","5.42e-2","7.54","9.19e-1","5.18e-2","2.11e-4"
"GOTERM_CC_DIRECT","small ribosomal subunit","0.34%","8","1532","27","20795","2.77e-3","5.42e-2","4.02","9.22e-1","5.18e-2","5.32e-4"
"GOTERM_BP_DIRECT","negative regulation of proteasomal ubiquitin-dependent protein catabolic process","0.42%","10","1495","40","19478","2.78e-3","2.44e-1","3.26","1.00e+0","2.43e-1","6.91e-4"
"GOTERM_BP_DIRECT","regulation of DNA-templated transcription","4.22%","100","1495","980","19478","2.79e-3","2.44e-1","1.33","1.00e+0","2.43e-1","1.99e-3"
"GOTERM_BP_DIRECT","Golgi to plasma membrane protein transport","0.38%","9","1495","33","19478","2.88e-3","2.48e-1","3.55","1.00e+0","2.46e-1","6.42e-4"
"GOTERM_MF_DIRECT","ATPase binding","0.67%","16","1526","86","19253","2.91e-3","1.44e-1","2.35","9.89e-1","1.42e-1","1.07e-3"
"GOTERM_BP_DIRECT","nuclear-transcribed mRNA poly(A) tail shortening","0.30%","7","1495","20","19478","3.06e-3","2.58e-1","4.56","1.00e+0","2.56e-1","4.91e-4"
"GOTERM_MF_DIRECT","protein serine/threonine kinase activity","1.98%","47","1526","383","19253","3.07e-3","1.47e-1","1.55","9.91e-1","1.45e-1","1.83e-3"
"GOTERM_CC_DIRECT","cytoplasmic stress granule","0.72%","17","1532","102","20795","3.13e-3","6.00e-2","2.26","9.44e-1","5.73e-2","1.21e-3"
"GOTERM_BP_DIRECT","substrate-dependent cell migration, cell extension","0.21%","5","1495","9","19478","3.17e-3","2.63e-1","7.24","1.00e+0","2.61e-1","2.56e-4"
"GOTERM_CC_DIRECT","chromatin","4.60%","109","1532","1133","20795","3.33e-3","6.25e-2","1.31","9.53e-1","5.97e-2","2.29e-3"
"GOTERM_BP_DIRECT","regulation of nucleotide-excision repair","0.34%","8","1495","27","19478","3.49e-3","2.83e-1","3.86","1.00e+0","2.82e-1","6.99e-4"
"GOTERM_CC_DIRECT","late endosome","0.97%","23","1532","161","20795","3.62e-3","6.65e-2","1.94","9.64e-1","6.35e-2","1.67e-3"
"GOTERM_MF_DIRECT","zinc ion binding","8.73%","207","1526","2187","19253","3.87e-3","1.79e-1","1.19","9.97e-1","1.76e-1","3.23e-3"
"GOTERM_BP_DIRECT","positive regulation of protein binding","0.42%","10","1495","42","19478","3.95e-3","3.13e-1","3.10","1.00e+0","3.11e-1","1.04e-3"
"GOTERM_MF_DIRECT","protein-folding chaperone binding","0.76%","18","1526","106","19253","3.95e-3","1.79e-1","2.14","9.98e-1","1.76e-1","1.62e-3"
"GOTERM_BP_DIRECT","cytoskeleton organization","0.97%","23","1495","156","19478","3.99e-3","3.13e-1","1.92","1.00e+0","3.11e-1","1.86e-3"
"GOTERM_CC_DIRECT","telomerase holoenzyme complex","0.30%","7","1532","22","20795","4.21e-3","7.59e-2","4.32","9.79e-1","7.26e-2","7.39e-4"
"GOTERM_CC_DIRECT","vesicle","0.97%","23","1532","164","20795","4.53e-3","8.00e-2","1.90","9.85e-1","7.65e-2","2.14e-3"
"GOTERM_BP_DIRECT","regulation of circadian rhythm","0.55%","13","1495","67","19478","4.58e-3","3.53e-1","2.53","1.00e+0","3.51e-1","1.55e-3"
"GOTERM_BP_DIRECT","negative regulation of fat cell differentiation","0.51%","12","1495","59","19478","4.75e-3","3.60e-1","2.65","1.00e+0","3.58e-1","1.52e-3"
"GOTERM_BP_DIRECT","deadenylation-dependent decapping of nuclear-transcribed mRNA","0.21%","5","1495","10","19478","4.97e-3","3.70e-1","6.51","1.00e+0","3.68e-1","4.81e-4"
"GOTERM_MF_DIRECT","ATP-dependent H2AZ histone chaperone activity","0.97%","23","1526","154","19253","4.98e-3","2.07e-1","1.88","1.00e+0","2.03e-1","2.37e-3"
"GOTERM_MF_DIRECT","chromatin extrusion motor activity","0.97%","23","1526","154","19253","4.98e-3","2.07e-1","1.88","1.00e+0","2.03e-1","2.37e-3"
"GOTERM_MF_DIRECT","ATP-dependent H3-H4 histone complex chaperone activity","0.97%","23","1526","154","19253","4.98e-3","2.07e-1","1.88","1.00e+0","2.03e-1","2.37e-3"
"GOTERM_BP_DIRECT","lamellipodium assembly","0.38%","9","1495","36","19478","5.12e-3","3.75e-1","3.26","1.00e+0","3.73e-1","1.27e-3"
"GOTERM_CC_DIRECT","growth cone","0.84%","20","1532","136","20795","5.15e-3","8.93e-2","2.00","9.91e-1","8.53e-2","2.30e-3"
"GOTERM_MF_DIRECT","transcription corepressor binding","0.46%","11","1526","50","19253","5.20e-3","2.07e-1","2.78","1.00e+0","2.04e-1","1.56e-3"
"GOTERM_CC_DIRECT","lysosomal membrane","1.90%","45","1532","401","20795","5.28e-3","8.98e-2","1.52","9.92e-1","8.58e-2","3.21e-3"
"GOTERM_MF_DIRECT","molecular adaptor activity","1.14%","27","1526","193","19253","5.36e-3","2.07e-1","1.77","1.00e+0","2.04e-1","2.75e-3"
"GOTERM_BP_DIRECT","ribosome biogenesis","0.42%","10","1495","44","19478","5.47e-3","3.95e-1","2.96","1.00e+0","3.92e-1","1.53e-3"
"GOTERM_MF_DIRECT","guanylate kinase activity","0.21%","5","1526","10","19253","5.58e-3","2.07e-1","6.31","1.00e+0","2.04e-1","5.58e-4"
"GOTERM_MF_DIRECT","enzyme binding","1.90%","45","1526","375","19253","5.69e-3","2.07e-1","1.51","1.00e+0","2.04e-1","3.48e-3"
"GOTERM_MF_DIRECT","AMP-activated protein kinase activity","1.39%","33","1526","253","19253","5.75e-3","2.07e-1","1.65","1.00e+0","2.04e-1","3.19e-3"
"GOTERM_CC_DIRECT","cell junction","1.10%","26","1532","198","20795","5.76e-3","9.62e-2","1.78","9.95e-1","9.19e-2","2.93e-3"
"GOTERM_MF_DIRECT","cohesin loader activity","0.97%","23","1526","156","19253","5.81e-3","2.07e-1","1.86","1.00e+0","2.04e-1","2.80e-3"
"GOTERM_BP_DIRECT","rhythmic process","0.63%","15","1495","87","19478","6.24e-3","4.42e-1","2.25","1.00e+0","4.40e-1","2.42e-3"
"GOTERM_CC_DIRECT","perinuclear endoplasmic reticulum","0.25%","6","1532","17","20795","6.29e-3","1.03e-1","4.79","9.97e-1","9.84e-2","9.64e-4"
"GOTERM_CC_DIRECT","glutamatergic synapse","2.57%","61","1532","588","20795","6.48e-3","1.03e-1","1.41","9.97e-1","9.84e-2","4.30e-3"
"GOTERM_BP_DIRECT","stress granule assembly","0.34%","8","1495","30","19478","6.54e-3","4.56e-1","3.47","1.00e+0","4.54e-1","1.50e-3"
"GOTERM_CC_DIRECT","axon cytoplasm","0.51%","12","1532","64","20795","6.62e-3","1.03e-1","2.55","9.98e-1","9.84e-2","2.23e-3"
"GOTERM_CC_DIRECT","collagen type IV trimer","0.17%","4","1532","6","20795","6.73e-3","1.03e-1","9.05","9.98e-1","9.84e-2","3.90e-4"
"GOTERM_CC_DIRECT","pICln-Sm protein complex","0.17%","4","1532","6","20795","6.73e-3","1.03e-1","9.05","9.98e-1","9.84e-2","3.90e-4"
"GOTERM_BP_DIRECT","in utero embryonic development","1.22%","29","1495","223","19478","6.78e-3","4.61e-1","1.69","1.00e+0","4.59e-1","3.65e-3"
"GOTERM_BP_DIRECT","protein dephosphorylation","0.59%","14","1495","79","19478","6.81e-3","4.61e-1","2.31","1.00e+0","4.59e-1","2.56e-3"
"GOTERM_BP_DIRECT","actin cytoskeleton organization","1.22%","29","1495","224","19478","7.20e-3","4.75e-1","1.69","1.00e+0","4.73e-1","3.89e-3"
"GOTERM_MF_DIRECT","actin binding","1.77%","42","1526","349","19253","7.26e-3","2.53e-1","1.52","1.00e+0","2.49e-1","4.41e-3"
"GOTERM_BP_DIRECT","GMP metabolic process","0.21%","5","1495","11","19478","7.34e-3","4.75e-1","5.92","1.00e+0","4.73e-1","8.25e-4"
"GOTERM_BP_DIRECT","monoubiquitinated protein deubiquitination","0.21%","5","1495","11","19478","7.34e-3","4.75e-1","5.92","1.00e+0","4.73e-1","8.25e-4"
"GOTERM_CC_DIRECT","transcription regulator complex","1.18%","28","1532","223","20795","7.40e-3","1.11e-1","1.70","9.99e-1","1.06e-1","3.96e-3"
"GOTERM_MF_DIRECT","phosphatidylinositol binding","0.76%","18","1526","113","19253","7.60e-3","2.59e-1","2.01","1.00e+0","2.55e-1","3.34e-3"
"GOTERM_BP_DIRECT","intracellular signal transduction","2.19%","52","1495","470","19478","7.61e-3","4.86e-1","1.44","1.00e+0","4.83e-1","4.88e-3"
"GOTERM_MF_DIRECT","identical protein binding","7.12%","169","1526","1777","19253","7.81e-3","2.61e-1","1.20","1.00e+0","2.56e-1","6.27e-3"
"GOTERM_BP_DIRECT","neuron projection morphogenesis","0.51%","12","1495","63","19478","7.90e-3","4.97e-1","2.48","1.00e+0","4.94e-1","2.72e-3"
"GOTERM_BP_DIRECT","regulation of stem cell differentiation","0.30%","7","1495","24","19478","8.15e-3","5.06e-1","3.80","1.00e+0","5.03e-1","1.67e-3"
"GOTERM_MF_DIRECT","histone H2A deubiquitinase activity","0.17%","4","1526","6","19253","8.27e-3","2.70e-1","8.41","1.00e+0","2.65e-1","5.18e-4"
"GOTERM_CC_DIRECT","U5 snRNP","0.30%","7","1532","25","20795","8.28e-3","1.20e-1","3.80","1.00e+0","1.15e-1","1.71e-3"
"GOTERM_CC_DIRECT","smooth endoplasmic reticulum","0.30%","7","1532","25","20795","8.28e-3","1.20e-1","3.80","1.00e+0","1.15e-1","1.71e-3"
"GOTERM_BP_DIRECT","negative regulation of translation","0.67%","16","1495","99","19478","8.32e-3","5.08e-1","2.11","1.00e+0","5.05e-1","3.47e-3"
"GOTERM_CC_DIRECT","small-subunit processome","0.55%","13","1532","75","20795","8.36e-3","1.20e-1","2.35","1.00e+0","1.15e-1","3.08e-3"
"GOTERM_BP_DIRECT","positive regulation of protein catabolic process","0.59%","14","1495","81","19478","8.41e-3","5.08e-1","2.25","1.00e+0","5.05e-1","3.25e-3"
"GOTERM_MF_DIRECT","I-SMAD binding","0.25%","6","1526","17","19253","8.55e-3","2.74e-1","4.45","1.00e+0","2.69e-1","1.42e-3"
"GOTERM_BP_DIRECT","proteasome-mediated ubiquitin-dependent protein catabolic process","1.56%","37","1495","311","19478","8.78e-3","5.23e-1","1.55","1.00e+0","5.20e-1","5.22e-3"
"GOTERM_MF_DIRECT","histone H3T45 kinase activity","1.35%","32","1526","251","19253","9.07e-3","2.84e-1","1.61","1.00e+0","2.79e-1","5.16e-3"
"GOTERM_BP_DIRECT","G1/S transition of mitotic cell cycle","0.59%","14","1495","82","19478","9.31e-3","5.48e-1","2.22","1.00e+0","5.44e-1","3.64e-3"
"GOTERM_CC_DIRECT","spindle pole","0.84%","20","1532","144","20795","9.45e-3","1.32e-1","1.89","1.00e+0","1.26e-1","4.49e-3"
"GOTERM_CC_DIRECT","endosome membrane","1.43%","34","1532","292","20795","9.45e-3","1.32e-1","1.58","1.00e+0","1.26e-1","5.49e-3"
"GOTERM_MF_DIRECT","DNA clamp loader activity","0.97%","23","1526","163","19253","9.66e-3","2.97e-1","1.78","1.00e+0","2.91e-1","4.88e-3"
"GOTERM_BP_DIRECT","regulation of double-strand break repair via homologous recombination","0.25%","6","1495","18","19478","9.71e-3","5.56e-1","4.34","1.00e+0","5.53e-1","1.68e-3"
"GOTERM_BP_DIRECT","viral release from host cell","0.25%","6","1495","18","19478","9.71e-3","5.56e-1","4.34","1.00e+0","5.53e-1","1.68e-3"
"GOTERM_BP_DIRECT","RNA splicing, via transesterification reactions","0.30%","7","1495","25","19478","1.00e-2","5.68e-1","3.65","1.00e+0","5.65e-1","2.17e-3"
"GOTERM_CC_DIRECT","endomembrane system","1.64%","39","1532","349","20795","1.02e-2","1.40e-1","1.52","1.00e+0","1.34e-1","6.21e-3"
"GOTERM_CC_DIRECT","rough endoplasmic reticulum","0.34%","8","1532","34","20795","1.07e-2","1.42e-1","3.19","1.00e+0","1.36e-1","2.74e-3"
"GOTERM_CC_DIRECT","Flemming body","0.34%","8","1532","34","20795","1.07e-2","1.42e-1","3.19","1.00e+0","1.36e-1","2.74e-3"
"GOTERM_BP_DIRECT","mitotic spindle organization","0.46%","11","1495","57","19478","1.07e-2","5.98e-1","2.51","1.00e+0","5.94e-1","3.62e-3"
"GOTERM_BP_DIRECT","transforming growth factor beta receptor signaling pathway","0.67%","16","1495","102","19478","1.09e-2","6.00e-1","2.04","1.00e+0","5.97e-1","4.69e-3"
"GOTERM_MF_DIRECT","ubiquitin-specific protease binding","0.25%","6","1526","18","19253","1.11e-2","3.16e-1","4.21","1.00e+0","3.10e-1","1.98e-3"
"GOTERM_CC_DIRECT","SMAD protein complex","0.17%","4","1532","7","20795","1.11e-2","1.46e-1","7.76","1.00e+0","1.40e-1","8.57e-4"
"GOTERM_MF_DIRECT","cyclin-dependent protein serine/threonine kinase regulator activity","0.34%","8","1526","32","19253","1.12e-2","3.16e-1","3.15","1.00e+0","3.10e-1","2.87e-3"
"GOTERM_CC_DIRECT","Golgi cisterna membrane","0.63%","15","1532","97","20795","1.14e-2","1.48e-1","2.10","1.00e+0","1.41e-1","4.79e-3"
"GOTERM_MF_DIRECT","histone acetyltransferase activity","0.30%","7","1526","25","19253","1.17e-2","3.16e-1","3.53","1.00e+0","3.10e-1","2.61e-3"
"GOTERM_CC_DIRECT","endosome","1.48%","35","1532","308","20795","1.20e-2","1.53e-1","1.54","1.00e+0","1.46e-1","7.12e-3"
"GOTERM_MF_DIRECT","ubiquitin binding","0.67%","16","1526","100","19253","1.20e-2","3.16e-1","2.02","1.00e+0","3.10e-1","5.24e-3"
"GOTERM_BP_DIRECT","protein K63-linked ubiquitination","0.46%","11","1495","58","19478","1.21e-2","6.57e-1","2.47","1.00e+0","6.54e-1","4.17e-3"
"GOTERM_CC_DIRECT","SAGA complex","0.30%","7","1532","27","20795","1.22e-2","1.54e-1","3.52","1.00e+0","1.47e-1","2.78e-3"
"GOTERM_BP_DIRECT","clathrin-coated vesicle cargo loading, AP-3-mediated","0.17%","4","1495","7","19478","1.25e-2","6.71e-1","7.45","1.00e+0","6.67e-1","1.00e-3"
"GOTERM_MF_DIRECT","unfolded protein binding","0.80%","19","1526","129","19253","1.31e-2","3.16e-1","1.86","1.00e+0","3.10e-1","6.29e-3"
"GOTERM_CC_DIRECT","lamellipodium","1.01%","24","1532","191","20795","1.35e-2","1.68e-1","1.71","1.00e+0","1.60e-1","7.19e-3"
"GOTERM_MF_DIRECT","beta-galactoside (CMP) alpha-2,3-sialyltransferase activity","0.17%","4","1526","7","19253","1.36e-2","3.16e-1","7.21","1.00e+0","3.10e-1","1.13e-3"
"GOTERM_BP_DIRECT","endoplasmic reticulum tubular network organization","0.21%","5","1495","13","19478","1.41e-2","7.45e-1","5.01","1.00e+0","7.41e-1","2.02e-3"
"GOTERM_BP_DIRECT","protein localization to plasma membrane","0.89%","21","1495","154","19478","1.42e-2","7.45e-1","1.78","1.00e+0","7.41e-1","7.17e-3"
"GOTERM_MF_DIRECT","DNA-binding transcription factor binding","0.97%","23","1526","169","19253","1.44e-2","3.16e-1","1.72","1.00e+0","3.10e-1","7.56e-3"
"GOTERM_BP_DIRECT","mitochondrion organization","0.72%","17","1495","115","19478","1.45e-2","7.54e-1","1.93","1.00e+0","7.49e-1","6.69e-3"
"GOTERM_BP_DIRECT","protein targeting to lysosome","0.30%","7","1495","27","19478","1.47e-2","7.57e-1","3.38","1.00e+0","7.52e-1","3.50e-3"
"GOTERM_MF_DIRECT","histone H2BS36 kinase activity","1.31%","31","1526","250","19253","1.48e-2","3.16e-1","1.56","1.00e+0","3.10e-1","8.66e-3"
"GOTERM_MF_DIRECT","ribosomal protein S6 kinase activity","1.31%","31","1526","250","19253","1.48e-2","3.16e-1","1.56","1.00e+0","3.10e-1","8.66e-3"
"GOTERM_MF_DIRECT","3-phosphoinositide-dependent protein kinase activity","1.31%","31","1526","250","19253","1.48e-2","3.16e-1","1.56","1.00e+0","3.10e-1","8.66e-3"
"GOTERM_MF_DIRECT","histone H3S28 kinase activity","1.31%","31","1526","250","19253","1.48e-2","3.16e-1","1.56","1.00e+0","3.10e-1","8.66e-3"
"GOTERM_MF_DIRECT","histone H2AT120 kinase activity","1.31%","31","1526","250","19253","1.48e-2","3.16e-1","1.56","1.00e+0","3.10e-1","8.66e-3"
"GOTERM_MF_DIRECT","histone H3S10 kinase activity","1.31%","31","1526","250","19253","1.48e-2","3.16e-1","1.56","1.00e+0","3.10e-1","8.66e-3"
"GOTERM_MF_DIRECT","histone H2AS1 kinase activity","1.31%","31","1526","250","19253","1.48e-2","3.16e-1","1.56","1.00e+0","3.10e-1","8.66e-3"
"GOTERM_MF_DIRECT","histone H3T3 kinase activity","1.31%","31","1526","250","19253","1.48e-2","3.16e-1","1.56","1.00e+0","3.10e-1","8.66e-3"
"GOTERM_MF_DIRECT","eukaryotic translation initiation factor 2alpha kinase activity","1.31%","31","1526","250","19253","1.48e-2","3.16e-1","1.56","1.00e+0","3.10e-1","8.66e-3"
"GOTERM_MF_DIRECT","histone H3S57 kinase activity","1.31%","31","1526","250","19253","1.48e-2","3.16e-1","1.56","1.00e+0","3.10e-1","8.66e-3"
"GOTERM_MF_DIRECT","histone H2BS14 kinase activity","1.31%","31","1526","250","19253","1.48e-2","3.16e-1","1.56","1.00e+0","3.10e-1","8.66e-3"
"GOTERM_MF_DIRECT","histone H2AS121 kinase activity","1.31%","31","1526","250","19253","1.48e-2","3.16e-1","1.56","1.00e+0","3.10e-1","8.66e-3"
"GOTERM_MF_DIRECT","Rho-dependent protein serine/threonine kinase activity","1.31%","31","1526","250","19253","1.48e-2","3.16e-1","1.56","1.00e+0","3.10e-1","8.66e-3"
"GOTERM_MF_DIRECT","histone H4S1 kinase activity","1.31%","31","1526","250","19253","1.48e-2","3.16e-1","1.56","1.00e+0","3.10e-1","8.66e-3"
"GOTERM_MF_DIRECT","histone H2AXS139 kinase activity","1.31%","31","1526","250","19253","1.48e-2","3.16e-1","1.56","1.00e+0","3.10e-1","8.66e-3"
"GOTERM_MF_DIRECT","signaling receptor complex adaptor activity","0.34%","8","1526","34","19253","1.56e-2","3.23e-1","2.97","1.00e+0","3.18e-1","4.30e-3"
"GOTERM_MF_DIRECT","DNA-dependent protein kinase activity","1.31%","31","1526","251","19253","1.56e-2","3.23e-1","1.56","1.00e+0","3.18e-1","9.15e-3"
"GOTERM_CC_DIRECT","mitochondrial inner membrane","2.19%","52","1532","509","20795","1.57e-2","1.92e-1","1.39","1.00e+0","1.84e-1","1.06e-2"
"GOTERM_MF_DIRECT","histone H3T11 kinase activity","1.31%","31","1526","252","19253","1.64e-2","3.31e-1","1.55","1.00e+0","3.25e-1","9.67e-3"
"GOTERM_MF_DIRECT","histone H3T6 kinase activity","1.31%","31","1526","252","19253","1.64e-2","3.31e-1","1.55","1.00e+0","3.25e-1","9.67e-3"
"GOTERM_MF_DIRECT","protein serine/threonine phosphatase activity","0.46%","11","1526","59","19253","1.67e-2","3.32e-1","2.35","1.00e+0","3.27e-1","6.07e-3"
"GOTERM_BP_DIRECT","spinal cord ventral commissure morphogenesis","0.13%","3","1495","3","19478","1.67e-2","8.18e-1","13.03","1.00e+0","8.13e-1","4.51e-4"
"GOTERM_BP_DIRECT","regulation of protein localization to centrosome","0.13%","3","1495","3","19478","1.67e-2","8.18e-1","13.03","1.00e+0","8.13e-1","4.51e-4"
"GOTERM_CC_DIRECT","heteromeric SMAD protein complex","0.17%","4","1532","8","20795","1.68e-2","2.04e-1","6.79","1.00e+0","1.95e-1","1.61e-3"
"GOTERM_BP_DIRECT","regulation of cell shape","0.80%","19","1495","137","19478","1.73e-2","8.18e-1","1.81","1.00e+0","8.13e-1","8.56e-3"
"GOTERM_BP_DIRECT","regulation of double-strand break repair","0.30%","7","1495","28","19478","1.76e-2","8.18e-1","3.26","1.00e+0","8.13e-1","4.36e-3"
"GOTERM_BP_DIRECT","cell morphogenesis","0.67%","16","1495","108","19478","1.78e-2","8.18e-1","1.93","1.00e+0","8.13e-1","8.18e-3"
"GOTERM_MF_DIRECT","protein-disulfide reductase [NAD(P)H] activity","0.13%","3","1526","3","19253","1.78e-2","3.51e-1","12.62","1.00e+0","3.45e-1","4.97e-4"
"GOTERM_BP_DIRECT","positive regulation of protein targeting to mitochondrion","0.34%","8","1495","36","19478","1.79e-2","8.18e-1","2.90","1.00e+0","8.13e-1","5.14e-3"
"GOTERM_CC_DIRECT","cyclin-dependent protein kinase holoenzyme complex","0.38%","9","1532","46","20795","1.80e-2","2.12e-1","2.66","1.00e+0","2.02e-1","5.72e-3"
"GOTERM_CC_DIRECT","U4/U6 x U5 tri-snRNP complex","0.38%","9","1532","46","20795","1.80e-2","2.12e-1","2.66","1.00e+0","2.02e-1","5.72e-3"
"GOTERM_MF_DIRECT","nuclear receptor binding","0.38%","9","1526","43","19253","1.82e-2","3.54e-1","2.64","1.00e+0","3.48e-1","5.78e-3"
"GOTERM_BP_DIRECT","mitophagy","0.42%","10","1495","53","19478","1.85e-2","8.18e-1","2.46","1.00e+0","8.13e-1","6.41e-3"
"GOTERM_BP_DIRECT","positive regulation of stress fiber assembly","0.42%","10","1495","53","19478","1.85e-2","8.18e-1","2.46","1.00e+0","8.13e-1","6.41e-3"
"GOTERM_BP_DIRECT","regulation of cell fate specification","0.21%","5","1495","14","19478","1.85e-2","8.18e-1","4.65","1.00e+0","8.13e-1","2.94e-3"
"GOTERM_BP_DIRECT","nerve growth factor signaling pathway","0.21%","5","1495","14","19478","1.85e-2","8.18e-1","4.65","1.00e+0","8.13e-1","2.94e-3"
"GOTERM_BP_DIRECT","random inactivation of X chromosome","0.21%","5","1495","14","19478","1.85e-2","8.18e-1","4.65","1.00e+0","8.13e-1","2.94e-3"
"GOTERM_CC_DIRECT","microtubule organizing center","0.59%","14","1532","93","20795","1.85e-2","2.16e-1","2.04","1.00e+0","2.06e-1","7.99e-3"
"GOTERM_BP_DIRECT","viral budding","0.17%","4","1495","8","19478","1.88e-2","8.18e-1","6.51","1.00e+0","8.13e-1","1.88e-3"
"GOTERM_BP_DIRECT","GDP metabolic process","0.17%","4","1495","8","19478","1.88e-2","8.18e-1","6.51","1.00e+0","8.13e-1","1.88e-3"
"GOTERM_BP_DIRECT","nuclear pore organization","0.17%","4","1495","8","19478","1.88e-2","8.18e-1","6.51","1.00e+0","8.13e-1","1.88e-3"
"GOTERM_BP_DIRECT","regulation of centrosome duplication","0.25%","6","1495","21","19478","1.90e-2","8.18e-1","3.72","1.00e+0","8.13e-1","4.02e-3"
"GOTERM_BP_DIRECT","protein localization to synapse","0.25%","6","1495","21","19478","1.90e-2","8.18e-1","3.72","1.00e+0","8.13e-1","4.02e-3"
"GOTERM_BP_DIRECT","regulation of ARF protein signal transduction","0.25%","6","1495","21","19478","1.90e-2","8.18e-1","3.72","1.00e+0","8.13e-1","4.02e-3"
"GOTERM_CC_DIRECT","Sin3-type complex","0.25%","6","1532","22","20795","1.97e-2","2.26e-1","3.70","1.00e+0","2.16e-1","4.23e-3"
"GOTERM_BP_DIRECT","translational initiation","0.42%","10","1495","54","19478","2.07e-2","8.63e-1","2.41","1.00e+0","8.58e-1","7.33e-3"
"GOTERM_BP_DIRECT","response to calcium ion","0.42%","10","1495","54","19478","2.07e-2","8.63e-1","2.41","1.00e+0","8.58e-1","7.33e-3"
"GOTERM_BP_DIRECT","positive regulation of epithelial cell migration","0.34%","8","1495","37","19478","2.07e-2","8.63e-1","2.82","1.00e+0","8.58e-1","6.12e-3"
"GOTERM_CC_DIRECT","small nuclear ribonucleoprotein complex","0.21%","5","1532","15","20795","2.07e-2","2.35e-1","4.52","1.00e+0","2.25e-1","3.46e-3"
"GOTERM_MF_DIRECT","heat shock protein binding","0.46%","11","1526","61","19253","2.08e-2","3.96e-1","2.28","1.00e+0","3.89e-1","7.85e-3"
"GOTERM_BP_DIRECT","positive regulation of canonical Wnt signaling pathway","0.72%","17","1495","120","19478","2.10e-2","8.63e-1","1.85","1.00e+0","8.58e-1","1.02e-2"
"GOTERM_BP_DIRECT","regulation of small GTPase mediated signal transduction","0.72%","17","1495","120","19478","2.10e-2","8.63e-1","1.85","1.00e+0","8.58e-1","1.02e-2"
"GOTERM_MF_DIRECT","clathrin binding","0.34%","8","1526","36","19253","2.11e-2","3.96e-1","2.80","1.00e+0","3.89e-1","6.23e-3"
"GOTERM_MF_DIRECT","p53 binding","0.51%","12","1526","70","19253","2.11e-2","3.96e-1","2.16","1.00e+0","3.89e-1","8.47e-3"
"GOTERM_MF_DIRECT","sialyltransferase activity","0.25%","6","1526","21","19253","2.16e-2","3.99e-1","3.60","1.00e+0","3.93e-1","4.71e-3"
"GOTERM_BP_DIRECT","negative regulation of protein catabolic process","0.38%","9","1495","46","19478","2.24e-2","9.10e-1","2.55","1.00e+0","9.05e-1","7.45e-3"
"GOTERM_CC_DIRECT","nuclear inner membrane","0.42%","10","1532","57","20795","2.26e-2","2.53e-1","2.38","1.00e+0","2.42e-1","8.17e-3"
"GOTERM_MF_DIRECT","GTPase activator activity","1.43%","34","1526","290","19253","2.26e-2","4.13e-1","1.48","1.00e+0","4.06e-1","1.41e-2"
"GOTERM_BP_DIRECT","autophagosome assembly","0.51%","12","1495","73","19478","2.28e-2","9.17e-1","2.14","1.00e+0","9.11e-1","9.25e-3"
"GOTERM_MF_DIRECT","protein kinase binding","2.23%","53","1526","495","19253","2.29e-2","4.13e-1","1.35","1.00e+0","4.06e-1","1.55e-2"
"GOTERM_CC_DIRECT","kinetochore","0.84%","20","1532","158","20795","2.35e-2","2.57e-1","1.72","1.00e+0","2.46e-1","1.23e-2"
"GOTERM_CC_DIRECT","cytoplasmic vesicle","1.39%","33","1532","301","20795","2.35e-2","2.57e-1","1.49","1.00e+0","2.46e-1","1.45e-2"
"GOTERM_MF_DIRECT","Hsp90 protein binding","0.38%","9","1526","45","19253","2.35e-2","4.20e-1","2.52","1.00e+0","4.13e-1","7.88e-3"
"GOTERM_CC_DIRECT","TORC2 complex","0.17%","4","1532","9","20795","2.39e-2","2.58e-1","6.03","1.00e+0","2.47e-1","2.74e-3"
"GOTERM_MF_DIRECT","cyclin-dependent protein serine/threonine kinase activity","0.30%","7","1526","29","19253","2.39e-2","4.22e-1","3.05","1.00e+0","4.15e-1","6.41e-3"
"GOTERM_BP_DIRECT","MAPK cascade","0.72%","17","1495","122","19478","2.42e-2","9.28e-1","1.82","1.00e+0","9.22e-1","1.19e-2"
"GOTERM_BP_DIRECT","nucleus organization","0.30%","7","1495","30","19478","2.43e-2","9.28e-1","3.04","1.00e+0","9.22e-1","6.56e-3"
"GOTERM_BP_DIRECT","anterograde axonal transport","0.30%","7","1495","30","19478","2.43e-2","9.28e-1","3.04","1.00e+0","9.22e-1","6.56e-3"
"GOTERM_BP_DIRECT","cellular response to interferon-beta","0.30%","7","1495","30","19478","2.43e-2","9.28e-1","3.04","1.00e+0","9.22e-1","6.56e-3"
"GOTERM_BP_DIRECT","positive regulation of viral genome replication","0.30%","7","1495","30","19478","2.43e-2","9.28e-1","3.04","1.00e+0","9.22e-1","6.56e-3"
"GOTERM_BP_DIRECT","positive regulation of mRNA splicing, via spliceosome","0.30%","7","1495","30","19478","2.43e-2","9.28e-1","3.04","1.00e+0","9.22e-1","6.56e-3"
"GOTERM_MF_DIRECT","non-membrane spanning protein tyrosine phosphatase activity","0.59%","14","1526","90","19253","2.47e-2","4.26e-1","1.96","1.00e+0","4.19e-1","1.11e-2"
"GOTERM_MF_DIRECT","protein tyrosine phosphatase activity, metal-dependent","0.59%","14","1526","90","19253","2.47e-2","4.26e-1","1.96","1.00e+0","4.19e-1","1.11e-2"
"GOTERM_BP_DIRECT","mitotic spindle assembly","0.38%","9","1495","47","19478","2.52e-2","9.56e-1","2.49","1.00e+0","9.51e-1","8.60e-3"
"GOTERM_MF_DIRECT","protein tyrosine phosphatase activity","0.55%","13","1526","81","19253","2.53e-2","4.31e-1","2.02","1.00e+0","4.24e-1","1.09e-2"
"GOTERM_CC_DIRECT","microtubule cytoskeleton","1.18%","28","1532","247","20795","2.56e-2","2.73e-1","1.54","1.00e+0","2.61e-1","1.52e-2"
"GOTERM_CC_DIRECT","CCR4-NOT complex","0.21%","5","1532","16","20795","2.60e-2","2.75e-1","4.24","1.00e+0","2.63e-1","4.74e-3"
"GOTERM_BP_DIRECT","polyamine biosynthetic process","0.17%","4","1495","9","19478","2.66e-2","9.82e-1","5.79","1.00e+0","9.77e-1","3.18e-3"
"GOTERM_BP_DIRECT","transcription elongation-coupled chromatin remodeling","0.17%","4","1495","9","19478","2.66e-2","9.82e-1","5.79","1.00e+0","9.77e-1","3.18e-3"
"GOTERM_BP_DIRECT","cAMP catabolic process","0.17%","4","1495","9","19478","2.66e-2","9.82e-1","5.79","1.00e+0","9.77e-1","3.18e-3"
"GOTERM_MF_DIRECT","histone H2AXY142 phosphatase activity","0.59%","14","1526","91","19253","2.68e-2","4.52e-1","1.94","1.00e+0","4.44e-1","1.21e-2"
"GOTERM_BP_DIRECT","nuclear-transcribed mRNA catabolic process, nonsense-mediated decay","0.34%","8","1495","39","19478","2.71e-2","9.82e-1","2.67","1.00e+0","9.77e-1","8.51e-3"
"GOTERM_BP_DIRECT","long-term memory","0.34%","8","1495","39","19478","2.71e-2","9.82e-1","2.67","1.00e+0","9.77e-1","8.51e-3"
"GOTERM_BP_DIRECT","cell-cell adhesion","1.01%","24","1495","196","19478","2.73e-2","9.82e-1","1.60","1.00e+0","9.77e-1","1.55e-2"
"GOTERM_MF_DIRECT","calcium-dependent protein binding","0.55%","13","1526","82","19253","2.75e-2","4.60e-1","2.00","1.00e+0","4.52e-1","1.21e-2"
"GOTERM_MF_DIRECT","protein serine/threonine/tyrosine kinase activity","0.30%","7","1526","30","19253","2.79e-2","4.61e-1","2.94","1.00e+0","4.53e-1","7.80e-3"
"GOTERM_BP_DIRECT","positive regulation of stem cell population maintenance","0.38%","9","1495","48","19478","2.83e-2","1.00e+0","2.44","1.00e+0","9.94e-1","9.88e-3"
"GOTERM_CC_DIRECT","endoplasmic reticulum membrane","4.47%","106","1532","1186","20795","2.84e-2","2.97e-1","1.21","1.00e+0","2.84e-1","2.13e-2"
"GOTERM_BP_DIRECT","DNA-templated transcription","0.59%","14","1495","95","19478","2.92e-2","1.00e+0","1.92","1.00e+0","9.94e-1","1.34e-2"
"GOTERM_CC_DIRECT","ruffle","0.59%","14","1532","99","20795","2.95e-2","3.05e-1","1.92","1.00e+0","2.91e-1","1.36e-2"
"GOTERM_BP_DIRECT","double-strand break repair via homologous recombination","0.63%","15","1495","105","19478","2.96e-2","1.00e+0","1.86","1.00e+0","9.94e-1","1.41e-2"
"GOTERM_BP_DIRECT","negative regulation of calcineurin-NFAT signaling cascade","0.21%","5","1495","16","19478","2.98e-2","1.00e+0","4.07","1.00e+0","9.94e-1","5.64e-3"
"GOTERM_BP_DIRECT","P-body assembly","0.21%","5","1495","16","19478","2.98e-2","1.00e+0","4.07","1.00e+0","9.94e-1","5.64e-3"
"GOTERM_BP_DIRECT","O-glycan processing","0.34%","8","1495","40","19478","3.08e-2","1.00e+0","2.61","1.00e+0","9.94e-1","9.94e-3"
"GOTERM_BP_DIRECT","protein K11-linked ubiquitination","0.34%","8","1495","40","19478","3.08e-2","1.00e+0","2.61","1.00e+0","9.94e-1","9.94e-3"
"GOTERM_CC_DIRECT","cell cortex","0.89%","21","1532","174","20795","3.15e-2","3.12e-1","1.64","1.00e+0","2.99e-1","1.74e-2"
"GOTERM_MF_DIRECT","protein kinase inhibitor activity","0.34%","8","1526","39","19253","3.16e-2","5.16e-1","2.59","1.00e+0","5.07e-1","1.03e-2"
"GOTERM_BP_DIRECT","regulation of branching involved in mammary gland duct morphogenesis","0.13%","3","1495","4","19478","3.18e-2","1.00e+0","9.77","1.00e+0","9.94e-1","1.70e-3"
"GOTERM_BP_DIRECT","protein sialylation","0.13%","3","1495","4","19478","3.18e-2","1.00e+0","9.77","1.00e+0","9.94e-1","1.70e-3"
"GOTERM_BP_DIRECT","positive regulation of sodium:proton antiporter activity","0.13%","3","1495","4","19478","3.18e-2","1.00e+0","9.77","1.00e+0","9.94e-1","1.70e-3"
"GOTERM_BP_DIRECT","clathrin coat disassembly","0.13%","3","1495","4","19478","3.18e-2","1.00e+0","9.77","1.00e+0","9.94e-1","1.70e-3"
"GOTERM_BP_DIRECT","exosomal secretion","0.13%","3","1495","4","19478","3.18e-2","1.00e+0","9.77","1.00e+0","9.94e-1","1.70e-3"
"GOTERM_BP_DIRECT","ribosomal subunit export from nucleus","0.13%","3","1495","4","19478","3.18e-2","1.00e+0","9.77","1.00e+0","9.94e-1","1.70e-3"
"GOTERM_CC_DIRECT","endoplasmic reticulum-Golgi intermediate compartment","0.51%","12","1532","80","20795","3.21e-2","3.12e-1","2.04","1.00e+0","2.99e-1","1.38e-2"
"GOTERM_CC_DIRECT","FAR/SIN/STRIPAK complex","0.21%","5","1532","17","20795","3.21e-2","3.12e-1","3.99","1.00e+0","2.99e-1","6.31e-3"
"GOTERM_CC_DIRECT","histone deacetylase complex","0.34%","8","1532","42","20795","3.22e-2","3.12e-1","2.59","1.00e+0","2.99e-1","1.06e-2"
"GOTERM_CC_DIRECT","nuclear pore outer ring","0.17%","4","1532","10","20795","3.23e-2","3.12e-1","5.43","1.00e+0","2.99e-1","4.30e-3"
"GOTERM_CC_DIRECT","clathrin adaptor complex","0.17%","4","1532","10","20795","3.23e-2","3.12e-1","5.43","1.00e+0","2.99e-1","4.30e-3"
"GOTERM_BP_DIRECT","peptidyl-serine phosphorylation","0.51%","12","1495","77","19478","3.24e-2","1.00e+0","2.03","1.00e+0","9.94e-1","1.40e-2"
"GOTERM_BP_DIRECT","positive regulation of macroautophagy","0.30%","7","1495","32","19478","3.26e-2","1.00e+0","2.85","1.00e+0","9.94e-1","9.48e-3"
"GOTERM_BP_DIRECT","multivesicular body assembly","0.30%","7","1495","32","19478","3.26e-2","1.00e+0","2.85","1.00e+0","9.94e-1","9.48e-3"
"GOTERM_BP_DIRECT","axon guidance","0.97%","23","1495","189","19478","3.28e-2","1.00e+0","1.59","1.00e+0","9.94e-1","1.88e-2"
"GOTERM_BP_DIRECT","negative regulation of hippo signaling","0.25%","6","1495","24","19478","3.29e-2","1.00e+0","3.26","1.00e+0","9.94e-1","8.18e-3"
"GOTERM_BP_DIRECT","membrane protein ectodomain proteolysis","0.25%","6","1495","24","19478","3.29e-2","1.00e+0","3.26","1.00e+0","9.94e-1","8.18e-3"
"GOTERM_BP_DIRECT","regulation of cytoskeleton organization","0.25%","6","1495","24","19478","3.29e-2","1.00e+0","3.26","1.00e+0","9.94e-1","8.18e-3"
"GOTERM_MF_DIRECT","ubiquitin-ubiquitin ligase activity","0.21%","5","1526","16","19253","3.30e-2","5.29e-1","3.94","1.00e+0","5.20e-1","6.47e-3"
"GOTERM_CC_DIRECT","endoplasmic reticulum quality control compartment","0.25%","6","1532","25","20795","3.31e-2","3.17e-1","3.26","1.00e+0","3.03e-1","8.30e-3"
"GOTERM_MF_DIRECT","RNA helicase activity","0.51%","12","1526","75","19253","3.35e-2","5.29e-1","2.02","1.00e+0","5.20e-1","1.45e-2"
"GOTERM_MF_DIRECT","voltage-gated calcium channel activity involved in cardiac muscle cell action potential","0.13%","3","1526","4","19253","3.38e-2","5.29e-1","9.46","1.00e+0","5.20e-1","1.87e-3"
"GOTERM_MF_DIRECT","histone H2AK119 ubiquitin ligase activity","0.13%","3","1526","4","19253","3.38e-2","5.29e-1","9.46","1.00e+0","5.20e-1","1.87e-3"
"GOTERM_BP_DIRECT","cellular respiration","0.34%","8","1495","41","19478","3.47e-2","1.00e+0","2.54","1.00e+0","9.94e-1","1.15e-2"
"GOTERM_CC_DIRECT","U1 snRNP","0.30%","7","1532","34","20795","3.58e-2","3.39e-1","2.79","1.00e+0","3.24e-1","1.07e-2"
"GOTERM_MF_DIRECT","transmembrane transporter binding","0.80%","19","1526","144","19253","3.58e-2","5.55e-1","1.66","1.00e+0","5.46e-1","1.93e-2"
"GOTERM_BP_DIRECT","regulation of microtubule-based process","0.17%","4","1495","10","19478","3.59e-2","1.00e+0","5.21","1.00e+0","9.94e-1","4.98e-3"
"GOTERM_BP_DIRECT","heart valve development","0.17%","4","1495","10","19478","3.59e-2","1.00e+0","5.21","1.00e+0","9.94e-1","4.98e-3"
"GOTERM_BP_DIRECT","response to metal ion","0.17%","4","1495","10","19478","3.59e-2","1.00e+0","5.21","1.00e+0","9.94e-1","4.98e-3"
"GOTERM_BP_DIRECT","mitochondrion-endoplasmic reticulum membrane tethering","0.17%","4","1495","10","19478","3.59e-2","1.00e+0","5.21","1.00e+0","9.94e-1","4.98e-3"
"GOTERM_BP_DIRECT","protein K6-linked ubiquitination","0.21%","5","1495","17","19478","3.66e-2","1.00e+0","3.83","1.00e+0","9.94e-1","7.50e-3"
"GOTERM_BP_DIRECT","mitochondrial fission","0.21%","5","1495","17","19478","3.66e-2","1.00e+0","3.83","1.00e+0","9.94e-1","7.50e-3"
"GOTERM_BP_DIRECT","anterograde synaptic vesicle transport","0.21%","5","1495","17","19478","3.66e-2","1.00e+0","3.83","1.00e+0","9.94e-1","7.50e-3"
"GOTERM_MF_DIRECT","translation regulator activity","0.25%","6","1526","24","19253","3.71e-2","5.67e-1","3.15","1.00e+0","5.58e-1","9.53e-3"
"GOTERM_BP_DIRECT","membrane organization","0.30%","7","1495","33","19478","3.73e-2","1.00e+0","2.76","1.00e+0","9.94e-1","1.13e-2"
"GOTERM_BP_DIRECT","platelet-derived growth factor receptor signaling pathway","0.30%","7","1495","33","19478","3.73e-2","1.00e+0","2.76","1.00e+0","9.94e-1","1.13e-2"
"GOTERM_MF_DIRECT","transcription coactivator binding","0.38%","9","1526","49","19253","3.73e-2","5.67e-1","2.32","1.00e+0","5.58e-1","1.38e-2"
"GOTERM_BP_DIRECT","bone development","0.42%","10","1495","60","19478","3.83e-2","1.00e+0","2.17","1.00e+0","9.94e-1","1.52e-2"
"GOTERM_BP_DIRECT","homeostasis of number of cells","0.25%","6","1495","25","19478","3.86e-2","1.00e+0","3.13","1.00e+0","9.94e-1","1.01e-2"
"GOTERM_CC_DIRECT","cell-cell contact zone","0.25%","6","1532","26","20795","3.86e-2","3.58e-1","3.13","1.00e+0","3.42e-1","1.01e-2"
"GOTERM_CC_DIRECT","transcription factor TFTC complex","0.21%","5","1532","18","20795","3.90e-2","3.58e-1","3.77","1.00e+0","3.42e-1","8.21e-3"
"GOTERM_CC_DIRECT","NuRD complex","0.21%","5","1532","18","20795","3.90e-2","3.58e-1","3.77","1.00e+0","3.42e-1","8.21e-3"
"GOTERM_MF_DIRECT","profilin binding","0.17%","4","1526","10","19253","3.90e-2","5.79e-1","5.05","1.00e+0","5.69e-1","5.60e-3"
"GOTERM_MF_DIRECT","retromer complex binding","0.17%","4","1526","10","19253","3.90e-2","5.79e-1","5.05","1.00e+0","5.69e-1","5.60e-3"
"GOTERM_BP_DIRECT","intracellular transport","0.38%","9","1495","51","19478","3.91e-2","1.00e+0","2.30","1.00e+0","9.94e-1","1.46e-2"
"GOTERM_MF_DIRECT","protein kinase activity","1.43%","34","1526","303","19253","3.92e-2","5.79e-1","1.42","1.00e+0","5.69e-1","2.50e-2"
"GOTERM_CC_DIRECT","cytoplasmic side of plasma membrane","0.63%","15","1532","114","20795","4.04e-2","3.62e-1","1.79","1.00e+0","3.46e-1","2.02e-2"
"GOTERM_CC_DIRECT","autophagosome","0.51%","12","1532","83","20795","4.06e-2","3.62e-1","1.96","1.00e+0","3.46e-1","1.82e-2"
"GOTERM_CC_DIRECT","mitotic spindle","0.80%","19","1532","157","20795","4.06e-2","3.62e-1","1.64","1.00e+0","3.46e-1","2.23e-2"
"GOTERM_MF_DIRECT","translation initiation factor activity","0.42%","10","1526","59","19253","4.15e-2","6.06e-1","2.14","1.00e+0","5.96e-1","1.67e-2"
"GOTERM_CC_DIRECT","paraspeckles","0.17%","4","1532","11","20795","4.20e-2","3.68e-1","4.94","1.00e+0","3.51e-1","6.36e-3"
"GOTERM_CC_DIRECT","endoplasmic reticulum chaperone complex","0.17%","4","1532","11","20795","4.20e-2","3.68e-1","4.94","1.00e+0","3.51e-1","6.36e-3"
"GOTERM_MF_DIRECT","metal ion binding","10.75%","255","1526","2904","19253","4.21e-2","6.09e-1","1.11","1.00e+0","5.99e-1","3.64e-2"
"GOTERM_BP_DIRECT","membrane fusion","0.30%","7","1495","34","19478","4.25e-2","1.00e+0","2.68","1.00e+0","9.94e-1","1.33e-2"
"GOTERM_MF_DIRECT","methyl-CpG binding","0.30%","7","1526","33","19253","4.27e-2","6.12e-1","2.68","1.00e+0","6.02e-1","1.33e-2"
"GOTERM_MF_DIRECT","protein tyrosine kinase activity","0.67%","16","1526","117","19253","4.32e-2","6.13e-1","1.73","1.00e+0","6.03e-1","2.23e-2"
"GOTERM_BP_DIRECT","G2/M transition of mitotic cell cycle","0.38%","9","1495","52","19478","4.32e-2","1.00e+0","2.25","1.00e+0","9.94e-1","1.65e-2"
"GOTERM_CC_DIRECT","euchromatin","0.42%","10","1532","64","20795","4.39e-2","3.81e-1","2.12","1.00e+0","3.64e-1","1.80e-2"
"GOTERM_BP_DIRECT","N-glycan processing","0.21%","5","1495","18","19478","4.43e-2","1.00e+0","3.62","1.00e+0","9.94e-1","9.73e-3"
"GOTERM_CC_DIRECT","U12-type spliceosomal complex","0.25%","6","1532","27","20795","4.46e-2","3.83e-1","3.02","1.00e+0","3.66e-1","1.22e-2"
"GOTERM_BP_DIRECT","positive regulation of cell-matrix adhesion","0.25%","6","1495","26","19478","4.49e-2","1.00e+0","3.01","1.00e+0","9.94e-1","1.23e-2"
"GOTERM_BP_DIRECT","alternative mRNA splicing, via spliceosome","0.25%","6","1495","26","19478","4.49e-2","1.00e+0","3.01","1.00e+0","9.94e-1","1.23e-2"
"GOTERM_BP_DIRECT","negative regulation of Rho protein signal transduction","0.25%","6","1495","26","19478","4.49e-2","1.00e+0","3.01","1.00e+0","9.94e-1","1.23e-2"
"GOTERM_BP_DIRECT","positive regulation of cold-induced thermogenesis","0.59%","14","1495","101","19478","4.49e-2","1.00e+0","1.81","1.00e+0","9.94e-1","2.20e-2"
"GOTERM_MF_DIRECT","ribosome binding","0.51%","12","1526","79","19253","4.65e-2","6.54e-1","1.92","1.00e+0","6.43e-1","2.12e-2"
"GOTERM_BP_DIRECT","endoplasmic reticulum to Golgi vesicle-mediated transport","0.67%","16","1495","122","19478","4.66e-2","1.00e+0","1.71","1.00e+0","9.94e-1","2.43e-2"
"GOTERM_BP_DIRECT","astral microtubule organization","0.17%","4","1495","11","19478","4.66e-2","1.00e+0","4.74","1.00e+0","9.94e-1","7.36e-3"
"GOTERM_BP_DIRECT","protein folding in endoplasmic reticulum","0.17%","4","1495","11","19478","4.66e-2","1.00e+0","4.74","1.00e+0","9.94e-1","7.36e-3"
"GOTERM_BP_DIRECT","positive regulation of macromolecule biosynthetic process","0.17%","4","1495","11","19478","4.66e-2","1.00e+0","4.74","1.00e+0","9.94e-1","7.36e-3"
"GOTERM_BP_DIRECT","cotranslational protein targeting to membrane","0.17%","4","1495","11","19478","4.66e-2","1.00e+0","4.74","1.00e+0","9.94e-1","7.36e-3"
"GOTERM_BP_DIRECT","excitatory synapse assembly","0.17%","4","1495","11","19478","4.66e-2","1.00e+0","4.74","1.00e+0","9.94e-1","7.36e-3"
"GOTERM_BP_DIRECT","negative regulation of signal transduction","0.38%","9","1495","53","19478","4.76e-2","1.00e+0","2.21","1.00e+0","9.94e-1","1.85e-2"
"GOTERM_BP_DIRECT","tRNA processing","0.38%","9","1495","53","19478","4.76e-2","1.00e+0","2.21","1.00e+0","9.94e-1","1.85e-2"
"GOTERM_BP_DIRECT","mitotic sister chromatid segregation","0.30%","7","1495","35","19478","4.81e-2","1.00e+0","2.61","1.00e+0","9.94e-1","1.55e-2"
"GOTERM_BP_DIRECT","regulation of heart rate","0.30%","7","1495","35","19478","4.81e-2","1.00e+0","2.61","1.00e+0","9.94e-1","1.55e-2"
"GOTERM_BP_DIRECT","cell motility","0.34%","8","1495","44","19478","4.86e-2","1.00e+0","2.37","1.00e+0","9.94e-1","1.75e-2"
"GOTERM_MF_DIRECT","deubiquitinase activity","0.21%","5","1526","18","19253","4.90e-2","6.81e-1","3.50","1.00e+0","6.69e-1","1.11e-2"
"GOTERM_BP_DIRECT","Golgi organization","0.67%","16","1495","123","19478","4.95e-2","1.00e+0","1.69","1.00e+0","9.94e-1","2.61e-2"
"GOTERM_BP_DIRECT","positive regulation of protein transport","0.13%","3","1495","5","19478","5.03e-2","1.00e+0","7.82","1.00e+0","9.94e-1","4.01e-3"
"GOTERM_BP_DIRECT","organelle localization by membrane tethering","0.13%","3","1495","5","19478","5.03e-2","1.00e+0","7.82","1.00e+0","9.94e-1","4.01e-3"
"GOTERM_BP_DIRECT","nuclear receptor-mediated glucocorticoid signaling pathway","0.13%","3","1495","5","19478","5.03e-2","1.00e+0","7.82","1.00e+0","9.94e-1","4.01e-3"
"GOTERM_BP_DIRECT","regulation of transforming growth factor beta2 production","0.13%","3","1495","5","19478","5.03e-2","1.00e+0","7.82","1.00e+0","9.94e-1","4.01e-3"
"GOTERM_BP_DIRECT","positive regulation of retinoic acid receptor signaling pathway","0.13%","3","1495","5","19478","5.03e-2","1.00e+0","7.82","1.00e+0","9.94e-1","4.01e-3"
"GOTERM_MF_DIRECT","R-SMAD binding","0.25%","6","1526","26","19253","5.04e-2","6.81e-1","2.91","1.00e+0","6.69e-1","1.42e-2"
"GOTERM_MF_DIRECT","structural constituent of nuclear pore","0.25%","6","1526","26","19253","5.04e-2","6.81e-1","2.91","1.00e+0","6.69e-1","1.42e-2"
"GOTERM_MF_DIRECT","JUN kinase binding","0.17%","4","1526","11","19253","5.06e-2","6.81e-1","4.59","1.00e+0","6.69e-1","8.25e-3"
"GOTERM_MF_DIRECT","dystroglycan binding","0.17%","4","1526","11","19253","5.06e-2","6.81e-1","4.59","1.00e+0","6.69e-1","8.25e-3"
"GOTERM_CC_DIRECT","calcium channel complex","0.25%","6","1532","28","20795","5.11e-2","4.35e-1","2.91","1.00e+0","4.16e-1","1.46e-2"
"GOTERM_BP_DIRECT","intrinsic apoptotic signaling pathway by p53 class mediator","0.25%","6","1495","27","19478","5.17e-2","1.00e+0","2.90","1.00e+0","9.94e-1","1.48e-2"
"GOTERM_BP_DIRECT","epithelial to mesenchymal transition","0.38%","9","1495","54","19478","5.23e-2","1.00e+0","2.17","1.00e+0","9.94e-1","2.08e-2"
"GOTERM_BP_DIRECT","regulation of G1/S transition of mitotic cell cycle","0.38%","9","1495","54","19478","5.23e-2","1.00e+0","2.17","1.00e+0","9.94e-1","2.08e-2"
"GOTERM_MF_DIRECT","manganese ion binding","0.46%","11","1526","71","19253","5.24e-2","6.88e-1","1.95","1.00e+0","6.77e-1","2.34e-2"
"GOTERM_MF_DIRECT","enzyme activator activity","0.46%","11","1526","71","19253","5.24e-2","6.88e-1","1.95","1.00e+0","6.77e-1","2.34e-2"
"GOTERM_CC_DIRECT","dendritic spine","0.80%","19","1532","162","20795","5.24e-2","4.42e-1","1.59","1.00e+0","4.22e-1","2.97e-2"
"GOTERM_BP_DIRECT","melanosome assembly","0.21%","5","1495","19","19478","5.28e-2","1.00e+0","3.43","1.00e+0","9.94e-1","1.24e-2"
"GOTERM_BP_DIRECT","regulation of cell motility","0.21%","5","1495","19","19478","5.28e-2","1.00e+0","3.43","1.00e+0","9.94e-1","1.24e-2"
"GOTERM_BP_DIRECT","positive regulation of protein autophosphorylation","0.21%","5","1495","19","19478","5.28e-2","1.00e+0","3.43","1.00e+0","9.94e-1","1.24e-2"
"GOTERM_CC_DIRECT","endoplasmic reticulum-plasma membrane contact site","0.17%","4","1532","12","20795","5.31e-2","4.43e-1","4.52","1.00e+0","4.23e-1","8.99e-3"
"GOTERM_BP_DIRECT","positive regulation of canonical NF-kappaB signal transduction","1.10%","26","1495","232","19478","5.32e-2","1.00e+0","1.46","1.00e+0","9.94e-1","3.33e-2"
"GOTERM_MF_DIRECT","Rab geranylgeranyltransferase activity","0.13%","3","1526","5","19253","5.34e-2","6.88e-1","7.57","1.00e+0","6.77e-1","4.40e-3"
"GOTERM_MF_DIRECT","RS domain binding","0.13%","3","1526","5","19253","5.34e-2","6.88e-1","7.57","1.00e+0","6.77e-1","4.40e-3"
"GOTERM_MF_DIRECT","neutral L-amino acid:sodium symporter activity","0.13%","3","1526","5","19253","5.34e-2","6.88e-1","7.57","1.00e+0","6.77e-1","4.40e-3"
"GOTERM_BP_DIRECT","actin filament bundle assembly","0.30%","7","1495","36","19478","5.41e-2","1.00e+0","2.53","1.00e+0","9.94e-1","1.80e-2"
"GOTERM_BP_DIRECT","regulation of translational initiation","0.30%","7","1495","36","19478","5.41e-2","1.00e+0","2.53","1.00e+0","9.94e-1","1.80e-2"
"GOTERM_BP_DIRECT","ribosomal large subunit biogenesis","0.30%","7","1495","36","19478","5.41e-2","1.00e+0","2.53","1.00e+0","9.94e-1","1.80e-2"
"GOTERM_MF_DIRECT","catalytic activity","0.51%","12","1526","81","19253","5.41e-2","6.92e-1","1.87","1.00e+0","6.80e-1","2.54e-2"
"GOTERM_CC_DIRECT","synaptic membrane","0.34%","8","1532","47","20795","5.48e-2","4.54e-1","2.31","1.00e+0","4.34e-1","2.04e-2"
"GOTERM_CC_DIRECT","recycling endosome","0.72%","17","1532","141","20795","5.54e-2","4.55e-1","1.64","1.00e+0","4.34e-1","3.04e-2"
"GOTERM_MF_DIRECT","tau protein binding","0.34%","8","1526","44","19253","5.61e-2","7.11e-1","2.29","1.00e+0","6.99e-1","2.08e-2"
"GOTERM_MF_DIRECT","promoter-specific chromatin binding","0.46%","11","1526","72","19253","5.67e-2","7.14e-1","1.93","1.00e+0","7.02e-1","2.57e-2"
"GOTERM_BP_DIRECT","angiogenesis","1.22%","29","1495","267","19478","5.68e-2","1.00e+0","1.42","1.00e+0","9.94e-1","3.68e-2"
"GOTERM_CC_DIRECT","U2-type spliceosomal complex","0.25%","6","1532","29","20795","5.82e-2","4.69e-1","2.81","1.00e+0","4.48e-1","1.73e-2"
"GOTERM_CC_DIRECT","U2 snRNP","0.25%","6","1532","29","20795","5.82e-2","4.69e-1","2.81","1.00e+0","4.48e-1","1.73e-2"
"GOTERM_MF_DIRECT","protein phosphatase activator activity","0.21%","5","1526","19","19253","5.83e-2","7.27e-1","3.32","1.00e+0","7.15e-1","1.41e-2"
"GOTERM_BP_DIRECT","postreplication repair","0.17%","4","1495","12","19478","5.87e-2","1.00e+0","4.34","1.00e+0","9.94e-1","1.04e-2"
"GOTERM_BP_DIRECT","positive regulation of mRNA catabolic process","0.17%","4","1495","12","19478","5.87e-2","1.00e+0","4.34","1.00e+0","9.94e-1","1.04e-2"
"GOTERM_BP_DIRECT","peroxisome fission","0.17%","4","1495","12","19478","5.87e-2","1.00e+0","4.34","1.00e+0","9.94e-1","1.04e-2"
"GOTERM_BP_DIRECT","mitotic cytokinesis","0.42%","10","1495","65","19478","5.91e-2","1.00e+0","2.00","1.00e+0","9.94e-1","2.57e-2"
"GOTERM_BP_DIRECT","respiratory gaseous exchange by respiratory system","0.25%","6","1495","28","19478","5.91e-2","1.00e+0","2.79","1.00e+0","9.94e-1","1.76e-2"
"GOTERM_BP_DIRECT","spliceosomal complex assembly","0.25%","6","1495","28","19478","5.91e-2","1.00e+0","2.79","1.00e+0","9.94e-1","1.76e-2"
"GOTERM_BP_DIRECT","positive regulation of G2/M transition of mitotic cell cycle","0.25%","6","1495","28","19478","5.91e-2","1.00e+0","2.79","1.00e+0","9.94e-1","1.76e-2"
"GOTERM_MF_DIRECT","protein-macromolecule adaptor activity","0.93%","22","1526","185","19253","6.04e-2","7.47e-1","1.50","1.00e+0","7.34e-1","3.64e-2"
"GOTERM_BP_DIRECT","placenta development","0.30%","7","1495","37","19478","6.05e-2","1.00e+0","2.46","1.00e+0","9.94e-1","2.08e-2"
"GOTERM_CC_DIRECT","peroxisomal membrane","0.42%","10","1532","68","20795","6.07e-2","4.71e-1","2.00","1.00e+0","4.50e-1","2.66e-2"
"GOTERM_CC_DIRECT","cortical actin cytoskeleton","0.38%","9","1532","58","20795","6.11e-2","4.71e-1","2.11","1.00e+0","4.50e-1","2.52e-2"
"GOTERM_MF_DIRECT","calcium channel regulator activity","0.34%","8","1526","45","19253","6.20e-2","7.51e-1","2.24","1.00e+0","7.38e-1","2.36e-2"
"GOTERM_CC_DIRECT","membrane raft","0.97%","23","1532","211","20795","6.23e-2","4.71e-1","1.48","1.00e+0","4.50e-1","3.83e-2"
"GOTERM_MF_DIRECT","histone H4 acetyltransferase activity","0.17%","4","1526","12","19253","6.36e-2","7.51e-1","4.21","1.00e+0","7.38e-1","1.16e-2"
"GOTERM_MF_DIRECT","dynactin binding","0.17%","4","1526","12","19253","6.36e-2","7.51e-1","4.21","1.00e+0","7.38e-1","1.16e-2"
"GOTERM_MF_DIRECT","MAP-kinase scaffold activity","0.17%","4","1526","12","19253","6.36e-2","7.51e-1","4.21","1.00e+0","7.38e-1","1.16e-2"
"GOTERM_MF_DIRECT","co-SMAD binding","0.17%","4","1526","12","19253","6.36e-2","7.51e-1","4.21","1.00e+0","7.38e-1","1.16e-2"
"GOTERM_CC_DIRECT","spindle microtubule","0.30%","7","1532","39","20795","6.38e-2","4.71e-1","2.44","1.00e+0","4.50e-1","2.23e-2"
"GOTERM_BP_DIRECT","positive regulation of autophagy","0.51%","12","1495","86","19478","6.40e-2","1.00e+0","1.82","1.00e+0","9.94e-1","3.10e-2"
"GOTERM_CC_DIRECT","endoplasmic reticulum tubular network","0.21%","5","1532","21","20795","6.41e-2","4.71e-1","3.23","1.00e+0","4.50e-1","1.62e-2"
"GOTERM_CC_DIRECT","PML body","0.59%","14","1532","111","20795","6.43e-2","4.71e-1","1.71","1.00e+0","4.50e-1","3.34e-2"
"GOTERM_BP_DIRECT","positive regulation of protein ubiquitination","0.46%","11","1495","76","19478","6.44e-2","1.00e+0","1.89","1.00e+0","9.94e-1","2.99e-2"
"GOTERM_CC_DIRECT","U4 snRNP","0.17%","4","1532","13","20795","6.53e-2","4.71e-1","4.18","1.00e+0","4.50e-1","1.22e-2"
"GOTERM_CC_DIRECT","methylosome","0.17%","4","1532","13","20795","6.53e-2","4.71e-1","4.18","1.00e+0","4.50e-1","1.22e-2"
"GOTERM_CC_DIRECT","AP-3 adaptor complex","0.17%","4","1532","13","20795","6.53e-2","4.71e-1","4.18","1.00e+0","4.50e-1","1.22e-2"
"GOTERM_CC_DIRECT","respiratory chain complex III","0.17%","4","1532","13","20795","6.53e-2","4.71e-1","4.18","1.00e+0","4.50e-1","1.22e-2"
"GOTERM_BP_DIRECT","protein monoubiquitination","0.34%","8","1495","47","19478","6.55e-2","1.00e+0","2.22","1.00e+0","9.94e-1","2.53e-2"
"GOTERM_BP_DIRECT","positive regulation of double-strand break repair","0.34%","8","1495","47","19478","6.55e-2","1.00e+0","2.22","1.00e+0","9.94e-1","2.53e-2"
"GOTERM_CC_DIRECT","U2-type catalytic step 2 spliceosome","0.25%","6","1532","30","20795","6.58e-2","4.71e-1","2.71","1.00e+0","4.50e-1","2.03e-2"
"GOTERM_BP_DIRECT","cell migration","1.22%","29","1495","271","19478","6.59e-2","1.00e+0","1.39","1.00e+0","9.94e-1","4.33e-2"
"GOTERM_CC_DIRECT","cytoplasmic ribonucleoprotein granule","0.51%","12","1532","90","20795","6.60e-2","4.71e-1","1.81","1.00e+0","4.50e-1","3.22e-2"
"GOTERM_CC_DIRECT","brush border","0.38%","9","1532","59","20795","6.64e-2","4.71e-1","2.07","1.00e+0","4.50e-1","2.78e-2"
"GOTERM_CC_DIRECT","myelin sheath abaxonal region","0.13%","3","1532","6","20795","6.66e-2","4.71e-1","6.79","1.00e+0","4.50e-1","6.74e-3"
"GOTERM_CC_DIRECT","X chromosome","0.13%","3","1532","6","20795","6.66e-2","4.71e-1","6.79","1.00e+0","4.50e-1","6.74e-3"
"GOTERM_CC_DIRECT","protein phosphatase 4 complex","0.13%","3","1532","6","20795","6.66e-2","4.71e-1","6.79","1.00e+0","4.50e-1","6.74e-3"
"GOTERM_MF_DIRECT","RNA polymerase II CTD heptapeptide repeat T4 phosphatase activity","0.51%","12","1526","84","19253","6.70e-2","7.51e-1","1.80","1.00e+0","7.38e-1","3.27e-2"
"GOTERM_MF_DIRECT","RNA polymerase II CTD heptapeptide repeat S7 phosphatase activity","0.51%","12","1526","84","19253","6.70e-2","7.51e-1","1.80","1.00e+0","7.38e-1","3.27e-2"
"GOTERM_MF_DIRECT","RNA polymerase II CTD heptapeptide repeat Y1 phosphatase activity","0.51%","12","1526","84","19253","6.70e-2","7.51e-1","1.80","1.00e+0","7.38e-1","3.27e-2"
"GOTERM_MF_DIRECT","MAP kinase serine/threonine phosphatase activity","0.51%","12","1526","84","19253","6.70e-2","7.51e-1","1.80","1.00e+0","7.38e-1","3.27e-2"
"GOTERM_MF_DIRECT","calmodulin-dependent protein phosphatase activity","0.51%","12","1526","84","19253","6.70e-2","7.51e-1","1.80","1.00e+0","7.38e-1","3.27e-2"
"GOTERM_MF_DIRECT","histone H2AXS140 phosphatase activity","0.51%","12","1526","84","19253","6.70e-2","7.51e-1","1.80","1.00e+0","7.38e-1","3.27e-2"
"GOTERM_MF_DIRECT","RNA polymerase II CTD heptapeptide repeat S5 phosphatase activity","0.51%","12","1526","84","19253","6.70e-2","7.51e-1","1.80","1.00e+0","7.38e-1","3.27e-2"
"GOTERM_MF_DIRECT","RNA polymerase II CTD heptapeptide repeat S2 phosphatase activity","0.51%","12","1526","84","19253","6.70e-2","7.51e-1","1.80","1.00e+0","7.38e-1","3.27e-2"
"GOTERM_BP_DIRECT","regulation of intracellular pH","0.25%","6","1495","29","19478","6.71e-2","1.00e+0","2.70","1.00e+0","9.94e-1","2.08e-2"
"GOTERM_BP_DIRECT","multicellular organismal-level iron ion homeostasis","0.25%","6","1495","29","19478","6.71e-2","1.00e+0","2.70","1.00e+0","9.94e-1","2.08e-2"
"GOTERM_BP_DIRECT","interstrand cross-link repair","0.30%","7","1495","38","19478","6.74e-2","1.00e+0","2.40","1.00e+0","9.94e-1","2.38e-2"
"GOTERM_MF_DIRECT","non-membrane spanning protein tyrosine kinase activity","0.34%","8","1526","46","19253","6.84e-2","7.53e-1","2.19","1.00e+0","7.40e-1","2.67e-2"
"GOTERM_MF_DIRECT","histone demethylase activity","0.21%","5","1526","20","19253","6.85e-2","7.53e-1","3.15","1.00e+0","7.40e-1","1.76e-2"
"GOTERM_MF_DIRECT","sodium channel regulator activity","0.30%","7","1526","37","19253","6.87e-2","7.53e-1","2.39","1.00e+0","7.40e-1","2.43e-2"
"GOTERM_BP_DIRECT","rRNA processing","0.72%","17","1495","140","19478","7.04e-2","1.00e+0","1.58","1.00e+0","9.94e-1","3.99e-2"
"GOTERM_CC_DIRECT","late endosome membrane","0.76%","18","1532","157","20795","7.05e-2","4.93e-1","1.56","1.00e+0","4.71e-1","4.08e-2"
"GOTERM_CC_DIRECT","nuclear body","1.56%","37","1532","379","20795","7.08e-2","4.93e-1","1.33","1.00e+0","4.71e-1","4.93e-2"
"GOTERM_MF_DIRECT","protein homodimerization activity","3.04%","72","1526","753","19253","7.11e-2","7.75e-1","1.21","1.00e+0","7.61e-1","5.62e-2"
"GOTERM_BP_DIRECT","regulation of T cell differentiation in thymus","0.13%","3","1495","6","19478","7.17e-2","1.00e+0","6.51","1.00e+0","9.94e-1","7.56e-3"
"GOTERM_BP_DIRECT","positive regulation of cytoplasmic mRNA processing body assembly","0.13%","3","1495","6","19478","7.17e-2","1.00e+0","6.51","1.00e+0","9.94e-1","7.56e-3"
"GOTERM_BP_DIRECT","positive regulation of muscle contraction","0.13%","3","1495","6","19478","7.17e-2","1.00e+0","6.51","1.00e+0","9.94e-1","7.56e-3"
"GOTERM_BP_DIRECT","ganglioside biosynthetic process via lactosylceramide","0.13%","3","1495","6","19478","7.17e-2","1.00e+0","6.51","1.00e+0","9.94e-1","7.56e-3"
"GOTERM_BP_DIRECT","mitotic metaphase chromosome alignment","0.34%","8","1495","48","19478","7.19e-2","1.00e+0","2.17","1.00e+0","9.94e-1","2.84e-2"
"GOTERM_BP_DIRECT","regulation of glycolytic process","0.17%","4","1495","13","19478","7.21e-2","1.00e+0","4.01","1.00e+0","9.94e-1","1.41e-2"
"GOTERM_BP_DIRECT","positive regulation of positive chemotaxis","0.17%","4","1495","13","19478","7.21e-2","1.00e+0","4.01","1.00e+0","9.94e-1","1.41e-2"
"GOTERM_BP_DIRECT","negative regulation of activin receptor signaling pathway","0.17%","4","1495","13","19478","7.21e-2","1.00e+0","4.01","1.00e+0","9.94e-1","1.41e-2"
"GOTERM_BP_DIRECT","renal system process","0.17%","4","1495","13","19478","7.21e-2","1.00e+0","4.01","1.00e+0","9.94e-1","1.41e-2"
"GOTERM_BP_DIRECT","regulation of exit from mitosis","0.17%","4","1495","13","19478","7.21e-2","1.00e+0","4.01","1.00e+0","9.94e-1","1.41e-2"
"GOTERM_CC_DIRECT","U2-type precatalytic spliceosome","0.34%","8","1532","50","20795","7.22e-2","4.96e-1","2.17","1.00e+0","4.74e-1","2.86e-2"
"GOTERM_BP_DIRECT","negative regulation of translational initiation","0.21%","5","1495","21","19478","7.23e-2","1.00e+0","3.10","1.00e+0","9.94e-1","1.91e-2"
"GOTERM_BP_DIRECT","positive regulation of insulin receptor signaling pathway","0.21%","5","1495","21","19478","7.23e-2","1.00e+0","3.10","1.00e+0","9.94e-1","1.91e-2"
"GOTERM_BP_DIRECT","regulation of mitotic spindle organization","0.21%","5","1495","21","19478","7.23e-2","1.00e+0","3.10","1.00e+0","9.94e-1","1.91e-2"
"GOTERM_BP_DIRECT","negative regulation of epidermal growth factor receptor signaling pathway","0.21%","5","1495","21","19478","7.23e-2","1.00e+0","3.10","1.00e+0","9.94e-1","1.91e-2"
"GOTERM_BP_DIRECT","negative regulation of mRNA splicing, via spliceosome","0.21%","5","1495","21","19478","7.23e-2","1.00e+0","3.10","1.00e+0","9.94e-1","1.91e-2"
"GOTERM_BP_DIRECT","regulation of transforming growth factor beta receptor signaling pathway","0.21%","5","1495","21","19478","7.23e-2","1.00e+0","3.10","1.00e+0","9.94e-1","1.91e-2"
"GOTERM_CC_DIRECT","replication fork","0.25%","6","1532","31","20795","7.39e-2","4.96e-1","2.63","1.00e+0","4.74e-1","2.37e-2"
"GOTERM_CC_DIRECT","protein folding chaperone complex","0.25%","6","1532","31","20795","7.39e-2","4.96e-1","2.63","1.00e+0","4.74e-1","2.37e-2"
"GOTERM_CC_DIRECT","cortical cytoskeleton","0.21%","5","1532","22","20795","7.39e-2","4.96e-1","3.08","1.00e+0","4.74e-1","1.97e-2"
"GOTERM_CC_DIRECT","exon-exon junction complex","0.21%","5","1532","22","20795","7.39e-2","4.96e-1","3.08","1.00e+0","4.74e-1","1.97e-2"
"GOTERM_BP_DIRECT","negative regulation of protein ubiquitination","0.38%","9","1495","58","19478","7.40e-2","1.00e+0","2.02","1.00e+0","9.94e-1","3.17e-2"
"GOTERM_BP_DIRECT","cellular response to hypoxia","0.72%","17","1495","141","19478","7.41e-2","1.00e+0","1.57","1.00e+0","9.94e-1","4.23e-2"
"GOTERM_BP_DIRECT","cellular response to calcium ion","0.46%","11","1495","78","19478","7.41e-2","1.00e+0","1.84","1.00e+0","9.94e-1","3.54e-2"
"GOTERM_MF_DIRECT","poly(U) RNA binding","0.25%","6","1526","29","19253","7.50e-2","7.97e-1","2.61","1.00e+0","7.83e-1","2.40e-2"
"GOTERM_MF_DIRECT","histone H3K14 acetyltransferase activity","0.25%","6","1526","29","19253","7.50e-2","7.97e-1","2.61","1.00e+0","7.83e-1","2.40e-2"
"GOTERM_BP_DIRECT","regulation of Rho protein signal transduction","0.25%","6","1495","30","19478","7.57e-2","1.00e+0","2.61","1.00e+0","9.94e-1","2.44e-2"
"GOTERM_CC_DIRECT","clathrin-coated vesicle","0.42%","10","1532","71","20795","7.57e-2","5.04e-1","1.91","1.00e+0","4.82e-1","3.46e-2"
"GOTERM_MF_DIRECT","phosphate transmembrane transporter activity","0.13%","3","1526","6","19253","7.59e-2","7.97e-1","6.31","1.00e+0","7.83e-1","8.28e-3"
"GOTERM_MF_DIRECT","superoxide dismutase activity","0.13%","3","1526","6","19253","7.59e-2","7.97e-1","6.31","1.00e+0","7.83e-1","8.28e-3"
"GOTERM_MF_DIRECT","histone H3 demethylase activity","0.13%","3","1526","6","19253","7.59e-2","7.97e-1","6.31","1.00e+0","7.83e-1","8.28e-3"
"GOTERM_MF_DIRECT","protein phosphatase regulator activity","0.30%","7","1526","38","19253","7.63e-2","7.97e-1","2.32","1.00e+0","7.83e-1","2.79e-2"
"GOTERM_CC_DIRECT","axon","1.48%","35","1532","358","20795","7.74e-2","5.07e-1","1.33","1.00e+0","4.84e-1","5.37e-2"
"GOTERM_MF_DIRECT","poly(A)-specific ribonuclease activity","0.17%","4","1526","13","19253","7.79e-2","8.03e-1","3.88","1.00e+0","7.89e-1","1.57e-2"
"GOTERM_MF_DIRECT","nuclear retinoic acid receptor binding","0.17%","4","1526","13","19253","7.79e-2","8.03e-1","3.88","1.00e+0","7.89e-1","1.57e-2"
"GOTERM_CC_DIRECT","sarcomere","0.34%","8","1532","51","20795","7.86e-2","5.07e-1","2.13","1.00e+0","4.84e-1","3.19e-2"
"GOTERM_CC_DIRECT","oligosaccharyltransferase complex","0.17%","4","1532","14","20795","7.87e-2","5.07e-1","3.88","1.00e+0","4.84e-1","1.61e-2"
"GOTERM_CC_DIRECT","GBAF complex","0.17%","4","1532","14","20795","7.87e-2","5.07e-1","3.88","1.00e+0","4.84e-1","1.61e-2"
"GOTERM_CC_DIRECT","synapse","2.07%","49","1532","529","20795","7.89e-2","5.07e-1","1.26","1.00e+0","4.84e-1","5.83e-2"
"GOTERM_MF_DIRECT","ribosomal small subunit binding","0.21%","5","1526","21","19253","7.95e-2","8.08e-1","3.00","1.00e+0","7.94e-1","2.17e-2"
"GOTERM_MF_DIRECT","3',5'-cyclic-GMP phosphodiesterase activity","0.21%","5","1526","21","19253","7.95e-2","8.08e-1","3.00","1.00e+0","7.94e-1","2.17e-2"
"GOTERM_BP_DIRECT","regulation of DNA repair","0.38%","9","1495","59","19478","8.01e-2","1.00e+0","1.99","1.00e+0","9.94e-1","3.49e-2"
"GOTERM_MF_DIRECT","myosin phosphatase activity","0.51%","12","1526","87","19253","8.18e-2","8.26e-1","1.74","1.00e+0","8.12e-1","4.14e-2"
"GOTERM_CC_DIRECT","MLL1 complex","0.25%","6","1532","32","20795","8.25e-2","5.24e-1","2.55","1.00e+0","5.01e-1","2.74e-2"
"GOTERM_BP_DIRECT","regulation of cytokinesis","0.30%","7","1495","40","19478","8.25e-2","1.00e+0","2.28","1.00e+0","9.94e-1","3.08e-2"
"GOTERM_BP_DIRECT","positive regulation of protein localization to nucleus","0.30%","7","1495","40","19478","8.25e-2","1.00e+0","2.28","1.00e+0","9.94e-1","3.08e-2"
"GOTERM_CC_DIRECT","midbody","0.89%","21","1532","195","20795","8.29e-2","5.24e-1","1.46","1.00e+0","5.01e-1","5.13e-2"
"GOTERM_BP_DIRECT","positive regulation of mitochondrial fission","0.21%","5","1495","22","19478","8.33e-2","1.00e+0","2.96","1.00e+0","9.94e-1","2.32e-2"
"GOTERM_CC_DIRECT","Cajal body","0.46%","11","1532","83","20795","8.33e-2","5.24e-1","1.80","1.00e+0","5.01e-1","4.07e-2"
"GOTERM_MF_DIRECT","ubiquitin conjugating enzyme binding","0.25%","6","1526","30","19253","8.44e-2","8.42e-1","2.52","1.00e+0","8.28e-1","2.80e-2"
"GOTERM_CC_DIRECT","melanosome membrane","0.21%","5","1532","23","20795","8.45e-2","5.28e-1","2.95","1.00e+0","5.05e-1","2.37e-2"
"GOTERM_BP_DIRECT","cell-cell adhesion mediated by cadherin","0.25%","6","1495","31","19478","8.48e-2","1.00e+0","2.52","1.00e+0","9.94e-1","2.83e-2"
"GOTERM_BP_DIRECT","chromosome segregation","0.55%","13","1495","101","19478","8.55e-2","1.00e+0","1.68","1.00e+0","9.94e-1","4.51e-2"
"GOTERM_MF_DIRECT","G protein activity","0.38%","9","1526","58","19253","8.56e-2","8.42e-1","1.96","1.00e+0","8.28e-1","3.78e-2"
"GOTERM_BP_DIRECT","positive regulation of epithelial cell proliferation","0.42%","10","1495","70","19478","8.61e-2","1.00e+0","1.86","1.00e+0","9.94e-1","4.04e-2"
"GOTERM_BP_DIRECT","commissural neuron axon guidance","0.17%","4","1495","14","19478","8.68e-2","1.00e+0","3.72","1.00e+0","9.94e-1","1.85e-2"
"GOTERM_BP_DIRECT","detection of calcium ion","0.17%","4","1495","14","19478","8.68e-2","1.00e+0","3.72","1.00e+0","9.94e-1","1.85e-2"
"GOTERM_BP_DIRECT","regulation of respiratory gaseous exchange by nervous system process","0.17%","4","1495","14","19478","8.68e-2","1.00e+0","3.72","1.00e+0","9.94e-1","1.85e-2"
"GOTERM_BP_DIRECT","mitochondrial electron transport, ubiquinol to cytochrome c","0.17%","4","1495","14","19478","8.68e-2","1.00e+0","3.72","1.00e+0","9.94e-1","1.85e-2"
"GOTERM_BP_DIRECT","synaptic vesicle recycling","0.17%","4","1495","14","19478","8.68e-2","1.00e+0","3.72","1.00e+0","9.94e-1","1.85e-2"
"GOTERM_MF_DIRECT","tubulin binding","0.42%","10","1526","68","19253","8.71e-2","8.42e-1","1.86","1.00e+0","8.28e-1","4.09e-2"
"GOTERM_MF_DIRECT","protein phosphatase binding","0.51%","12","1526","88","19253","8.72e-2","8.42e-1","1.72","1.00e+0","8.28e-1","4.46e-2"
"GOTERM_CC_DIRECT","U7 snRNP","0.13%","3","1532","7","20795","8.88e-2","5.45e-1","5.82","1.00e+0","5.21e-1","1.11e-2"
"GOTERM_CC_DIRECT","AP-type membrane coat adaptor complex","0.13%","3","1532","7","20795","8.88e-2","5.45e-1","5.82","1.00e+0","5.21e-1","1.11e-2"
"GOTERM_CC_DIRECT","recycling endosome membrane","0.59%","14","1532","117","20795","8.92e-2","5.45e-1","1.62","1.00e+0","5.21e-1","4.89e-2"
"GOTERM_CC_DIRECT","sarcolemma","0.55%","13","1532","106","20795","8.96e-2","5.45e-1","1.66","1.00e+0","5.21e-1","4.77e-2"
"GOTERM_MF_DIRECT","single-stranded DNA binding","0.59%","14","1526","109","19253","8.98e-2","8.42e-1","1.62","1.00e+0","8.28e-1","4.91e-2"
"GOTERM_BP_DIRECT","phosphatidylinositol phosphate biosynthetic process","0.30%","7","1495","41","19478","9.07e-2","1.00e+0","2.22","1.00e+0","9.94e-1","3.48e-2"
"GOTERM_MF_DIRECT","tau-protein kinase activity","0.21%","5","1526","22","19253","9.13e-2","8.42e-1","2.87","1.00e+0","8.28e-1","2.62e-2"
"GOTERM_MF_DIRECT","translation factor activity, RNA binding","0.21%","5","1526","22","19253","9.13e-2","8.42e-1","2.87","1.00e+0","8.28e-1","2.62e-2"
"GOTERM_MF_DIRECT","mitogen-activated protein kinase binding","0.21%","5","1526","22","19253","9.13e-2","8.42e-1","2.87","1.00e+0","8.28e-1","2.62e-2"
"GOTERM_MF_DIRECT","3',5'-cyclic-AMP phosphodiesterase activity","0.21%","5","1526","22","19253","9.13e-2","8.42e-1","2.87","1.00e+0","8.28e-1","2.62e-2"
"GOTERM_MF_DIRECT","helicase activity","0.55%","13","1526","99","19253","9.14e-2","8.42e-1","1.66","1.00e+0","8.28e-1","4.88e-2"
"GOTERM_CC_DIRECT","intermediate filament cytoskeleton","0.34%","8","1532","53","20795","9.24e-2","5.56e-1","2.05","1.00e+0","5.31e-1","3.90e-2"
"GOTERM_BP_DIRECT","retrograde vesicle-mediated transport, Golgi to endoplasmic reticulum","0.34%","8","1495","51","19478","9.30e-2","1.00e+0","2.04","1.00e+0","9.94e-1","3.92e-2"
"GOTERM_BP_DIRECT","response to activity","0.34%","8","1495","51","19478","9.30e-2","1.00e+0","2.04","1.00e+0","9.94e-1","3.92e-2"
"GOTERM_BP_DIRECT","cellular response to glucose starvation","0.34%","8","1495","51","19478","9.30e-2","1.00e+0","2.04","1.00e+0","9.94e-1","3.92e-2"
"GOTERM_CC_DIRECT","postsynapse","0.89%","21","1532","198","20795","9.32e-2","5.56e-1","1.44","1.00e+0","5.31e-1","5.86e-2"
"GOTERM_CC_DIRECT","large ribosomal subunit","0.17%","4","1532","15","20795","9.32e-2","5.56e-1","3.62","1.00e+0","5.31e-1","2.08e-2"
"GOTERM_BP_DIRECT","negative regulation of DNA-binding transcription factor activity","0.38%","9","1495","61","19478","9.33e-2","1.00e+0","1.92","1.00e+0","9.94e-1","4.21e-2"
"GOTERM_MF_DIRECT","protein serine/threonine kinase activator activity","0.42%","10","1526","69","19253","9.36e-2","8.42e-1","1.83","1.00e+0","8.28e-1","4.46e-2"
"GOTERM_MF_DIRECT","N6-methyladenosine-containing RNA reader activity","0.17%","4","1526","14","19253","9.36e-2","8.42e-1","3.60","1.00e+0","8.28e-1","2.07e-2"
"GOTERM_MF_DIRECT","ribosomal large subunit binding","0.17%","4","1526","14","19253","9.36e-2","8.42e-1","3.60","1.00e+0","8.28e-1","2.07e-2"
"GOTERM_MF_DIRECT","S100 protein binding","0.17%","4","1526","14","19253","9.36e-2","8.42e-1","3.60","1.00e+0","8.28e-1","2.07e-2"
"GOTERM_MF_DIRECT","histone H4K8 acetyltransferase activity","0.25%","6","1526","31","19253","9.43e-2","8.42e-1","2.44","1.00e+0","8.28e-1","3.25e-2"
"GOTERM_MF_DIRECT","histone H4K5 acetyltransferase activity","0.25%","6","1526","31","19253","9.43e-2","8.42e-1","2.44","1.00e+0","8.28e-1","3.25e-2"
"GOTERM_MF_DIRECT","histone H4K12 acetyltransferase activity","0.25%","6","1526","31","19253","9.43e-2","8.42e-1","2.44","1.00e+0","8.28e-1","3.25e-2"
"GOTERM_BP_DIRECT","protein localization to cell surface","0.25%","6","1495","32","19478","9.45e-2","1.00e+0","2.44","1.00e+0","9.94e-1","3.27e-2"
"GOTERM_BP_DIRECT","neuron cellular homeostasis","0.25%","6","1495","32","19478","9.45e-2","1.00e+0","2.44","1.00e+0","9.94e-1","3.27e-2"
"GOTERM_BP_DIRECT","SMAD protein signal transduction","0.21%","5","1495","23","19478","9.50e-2","1.00e+0","2.83","1.00e+0","9.94e-1","2.78e-2"
"GOTERM_BP_DIRECT","vacuolar acidification","0.21%","5","1495","23","19478","9.50e-2","1.00e+0","2.83","1.00e+0","9.94e-1","2.78e-2"
"GOTERM_BP_DIRECT","positive regulation of protein localization to centrosome","0.13%","3","1495","7","19478","9.53e-2","1.00e+0","5.58","1.00e+0","9.94e-1","1.25e-2"
"GOTERM_BP_DIRECT","regulation of cardiac muscle cell action potential","0.13%","3","1495","7","19478","9.53e-2","1.00e+0","5.58","1.00e+0","9.94e-1","1.25e-2"
"GOTERM_BP_DIRECT","negative regulation of peroxisome proliferator activated receptor signaling pathway","0.13%","3","1495","7","19478","9.53e-2","1.00e+0","5.58","1.00e+0","9.94e-1","1.25e-2"
"GOTERM_BP_DIRECT","positive regulation of stress granule assembly","0.13%","3","1495","7","19478","9.53e-2","1.00e+0","5.58","1.00e+0","9.94e-1","1.25e-2"
"GOTERM_BP_DIRECT","positive regulation of mitotic cytokinetic process","0.13%","3","1495","7","19478","9.53e-2","1.00e+0","5.58","1.00e+0","9.94e-1","1.25e-2"
"GOTERM_BP_DIRECT","establishment of vesicle localization","0.13%","3","1495","7","19478","9.53e-2","1.00e+0","5.58","1.00e+0","9.94e-1","1.25e-2"
"GOTERM_BP_DIRECT","cytosolic ribosome assembly","0.13%","3","1495","7","19478","9.53e-2","1.00e+0","5.58","1.00e+0","9.94e-1","1.25e-2"
"GOTERM_BP_DIRECT","ribosomal large subunit export from nucleus","0.13%","3","1495","7","19478","9.53e-2","1.00e+0","5.58","1.00e+0","9.94e-1","1.25e-2"
"GOTERM_BP_DIRECT","positive regulation of trophoblast cell migration","0.13%","3","1495","7","19478","9.53e-2","1.00e+0","5.58","1.00e+0","9.94e-1","1.25e-2"
"GOTERM_BP_DIRECT","meiotic sister chromatid cohesion","0.13%","3","1495","7","19478","9.53e-2","1.00e+0","5.58","1.00e+0","9.94e-1","1.25e-2"
"GOTERM_BP_DIRECT","apical junction assembly","0.13%","3","1495","7","19478","9.53e-2","1.00e+0","5.58","1.00e+0","9.94e-1","1.25e-2"
"GOTERM_BP_DIRECT","protein geranylgeranylation","0.13%","3","1495","7","19478","9.53e-2","1.00e+0","5.58","1.00e+0","9.94e-1","1.25e-2"
"GOTERM_BP_DIRECT","positive regulation of apoptotic process","1.39%","33","1495","328","19478","9.55e-2","1.00e+0","1.31","1.00e+0","9.94e-1","6.68e-2"
"GOTERM_BP_DIRECT","cellular response to oxidative stress","0.55%","13","1495","103","19478","9.57e-2","1.00e+0","1.64","1.00e+0","9.94e-1","5.15e-2"
"GOTERM_CC_DIRECT","intracellular membraneless organelle","0.21%","5","1532","24","20795","9.58e-2","5.68e-1","2.83","1.00e+0","5.42e-1","2.82e-2"
"GOTERM_BP_DIRECT","positive regulation of translation","0.46%","11","1495","82","19478","9.63e-2","1.00e+0","1.75","1.00e+0","9.94e-1","4.84e-2"
"GOTERM_MF_DIRECT","guanyl-nucleotide exchange factor activity","1.10%","26","1526","240","19253","9.67e-2","8.42e-1","1.37","1.00e+0","8.28e-1","6.44e-2"
"GOTERM_MF_DIRECT","forked DNA-dependent helicase activity","0.34%","8","1526","50","19253","9.76e-2","8.42e-1","2.02","1.00e+0","8.28e-1","4.16e-2"
"GOTERM_MF_DIRECT","phosphatase activity","0.34%","8","1526","50","19253","9.76e-2","8.42e-1","2.02","1.00e+0","8.28e-1","4.16e-2"
"GOTERM_CC_DIRECT","early endosome membrane","0.93%","22","1532","211","20795","9.78e-2","5.76e-1","1.42","1.00e+0","5.50e-1","6.27e-2"
"GOTERM_MF_DIRECT","ATP hydrolysis activity","1.81%","43","1526","432","19253","9.81e-2","8.42e-1","1.26","1.00e+0","8.28e-1","7.21e-2"
"GOTERM_CC_DIRECT","GABA-ergic synapse","0.55%","13","1532","108","20795","9.96e-2","5.83e-1","1.63","1.00e+0","5.57e-1","5.41e-2"

